customer_id,first_name,last_name,email,phone,country,state,created_at,is_active,loyalty_points
1,Ashely,Izsak,aizsak0@google.de,1523226250,India,Andhra Pradesh,7/9/2024,true,9
2,Matthaeus,Degg,mdegg1@auda.org.au,4607378504,India,Gujarat,1/20/2025,true,99
3,Bayard,Dollin,bdollin2@symantec.com,5378990294,India,Andhra Pradesh,6/5/2025,true,24
4,Matt,Coll,mcoll3@craigslist.org,4018682253,India,Andhra Pradesh,9/25/2024,false,75
5,Timmy,Hitzke,thitzke4@gravatar.com,1789795670,India,Andhra Pradesh,12/26/2024,false,96
6,Elane,Berthouloume,eberthouloume5@studiopress.com,3789573909,India,Uttar Pradesh,7/14/2024,true,52
7,Gunilla,Spencley,gspencley6@surveymonkey.com,5465158634,India,Gujarat,5/26/2025,false,71
8,Zorine,Harbar,zharbar7@multiply.com,4749518773,India,Andhra Pradesh,3/20/2025,false,46
9,Kevan,Mobius,kmobius8@cocolog-nifty.com,8509989742,India,Uttar Pradesh,9/23/2024,false,70
10,Lidia,Poulston,lpoulston9@wix.com,5915425664,India,Gujarat,8/21/2024,false,30
11,Melisenda,Ipplett,mippletta@smugmug.com,7502928218,India,Gujarat,8/28/2024,false,92
12,Lezley,McDonell,lmcdonellb@linkedin.com,8606666696,India,Uttar Pradesh,4/7/2025,true,9
13,Jaimie,Burgett,jburgettc@drupal.org,2668305990,India,Andhra Pradesh,9/27/2024,false,93
14,Pietro,Borrie,pborried@dedecms.com,5516809529,India,Andhra Pradesh,5/16/2025,true,18
15,Jedd,De Michetti,jdemichettie@wsj.com,5329919050,India,Gujarat,1/7/2025,false,82
16,Halley,Fillingham,hfillinghamf@360.cn,7621629791,India,Andhra Pradesh,5/22/2025,true,41
17,Trey,Fownes,tfownesg@google.fr,5996161107,India,Andhra Pradesh,5/7/2025,true,89
18,Abra,Gun,agunh@microsoft.com,2166062798,India,Gujarat,5/22/2025,true,30
19,Perry,Sincock,psincocki@google.it,1384631824,India,Uttar Pradesh,1/29/2025,false,34
20,Lilla,Whiteley,lwhiteleyj@google.ca,4339385735,India,Andhra Pradesh,12/25/2024,true,59
21,Junette,MacManus,jmacmanusk@yelp.com,5152784141,India,Gujarat,2/23/2025,true,17
22,Aldwin,Mattin,amattinl@arstechnica.com,9907820712,India,Gujarat,6/17/2025,true,60
23,Renae,Joddins,rjoddinsm@blogger.com,8544680809,India,Andhra Pradesh,7/15/2024,false,33
24,Torre,Knok,tknokn@mit.edu,3547800709,India,Andhra Pradesh,5/10/2025,true,62
25,Eugenie,Haggie,ehaggieo@bizjournals.com,7847783997,India,Uttar Pradesh,4/6/2025,true,59
26,Haywood,Swigger,hswiggerp@smh.com.au,3081200513,India,Uttar Pradesh,3/4/2025,true,94
27,Karalynn,Boness,kbonessq@google.de,4067110682,India,Gujarat,1/12/2025,true,56
28,Genny,Di Domenico,gdidomenicor@pcworld.com,3944510663,India,Gujarat,5/20/2025,false,78
29,Blake,Jenken,bjenkens@sina.com.cn,8443699579,India,Andhra Pradesh,7/28/2024,true,80
30,Elly,Diack,ediackt@angelfire.com,3588196725,India,Uttar Pradesh,12/18/2024,false,43
31,Meredeth,Lodden,mloddenu@umn.edu,6192660674,India,Andhra Pradesh,5/10/2025,false,79
32,Morley,Harling,mharlingv@nasa.gov,6268454820,India,Gujarat,12/9/2024,false,92
33,Stevena,Wragg,swraggw@unicef.org,9269958608,India,Gujarat,3/24/2025,true,1
34,Ezequiel,Challicum,echallicumx@sina.com.cn,8443941114,India,Uttar Pradesh,5/21/2025,false,57
35,Mattie,Lawford,mlawfordy@cnet.com,3643303783,India,Uttar Pradesh,12/19/2024,false,90
36,Sharla,Brecken,sbreckenz@abc.net.au,4468985937,India,Gujarat,7/9/2024,true,72
37,Faun,Lord,flord10@unc.edu,8063258857,India,Gujarat,7/8/2024,false,45
38,Veronica,Hanniger,vhanniger11@privacy.gov.au,1661415090,India,Andhra Pradesh,9/20/2024,false,15
39,Cloe,Pennetti,cpennetti12@disqus.com,1298176555,India,Uttar Pradesh,11/30/2024,false,99
40,Arlan,Cartmer,acartmer13@is.gd,2727417604,India,Andhra Pradesh,10/26/2024,false,42
41,Dov,Connechy,dconnechy14@usda.gov,6083631206,India,Gujarat,6/14/2025,true,42
42,Cammi,Gehricke,cgehricke15@samsung.com,1809056702,India,Andhra Pradesh,11/1/2024,true,47
43,Ramon,Gurnell,rgurnell16@hp.com,7303200451,India,Uttar Pradesh,11/23/2024,false,2
44,Porter,Mossman,pmossman17@phoca.cz,4065997102,India,Gujarat,1/23/2025,false,84
45,Barnaby,Stanex,bstanex18@google.cn,7082257447,India,Gujarat,3/27/2025,false,88
46,Lissi,Jeske,ljeske19@dion.ne.jp,8836126781,India,Gujarat,5/20/2025,true,30
47,Tilda,Duly,tduly1a@si.edu,7007016338,India,Gujarat,3/1/2025,false,21
48,Maurine,Edel,medel1b@ocn.ne.jp,9692982213,India,Andhra Pradesh,7/22/2024,false,95
49,Darryl,Hicklingbottom,dhicklingbottom1c@soup.io,7537537146,India,Gujarat,10/17/2024,false,7
50,Harli,Watkinson,hwatkinson1d@tumblr.com,8567816284,India,Gujarat,8/14/2024,false,5
51,Yolanthe,Bindley,ybindley1e@sciencedirect.com,5503132463,India,Uttar Pradesh,6/18/2025,false,60
52,Virgil,Faldoe,vfaldoe1f@apache.org,5932224520,India,Andhra Pradesh,3/9/2025,false,98
53,Murielle,Guirardin,mguirardin1g@xinhuanet.com,5655190499,India,Uttar Pradesh,10/19/2024,false,54
54,Amie,Coils,acoils1h@amazonaws.com,9652004378,India,Andhra Pradesh,4/26/2025,false,40
55,Jasper,Fancutt,jfancutt1i@bbb.org,3025657402,India,Gujarat,11/29/2024,false,54
56,Tann,Kelledy,tkelledy1j@sohu.com,2327190932,India,Uttar Pradesh,9/12/2024,false,63
57,Micki,Blackleech,mblackleech1k@patch.com,2325158678,India,Uttar Pradesh,6/15/2025,false,25
58,Inglis,Neild,ineild1l@ezinearticles.com,2306323767,India,Uttar Pradesh,9/1/2024,true,98
59,Tann,Farrimond,tfarrimond1m@eepurl.com,4576550868,India,Gujarat,3/26/2025,false,19
60,Marielle,Cheesman,mcheesman1n@istockphoto.com,6033655472,India,Uttar Pradesh,12/31/2024,false,98
61,Graig,Imesen,gimesen1o@oakley.com,2584978043,India,Uttar Pradesh,7/18/2024,false,71
62,Dallas,Kerrod,dkerrod1p@sbwire.com,4851008834,India,Uttar Pradesh,4/21/2025,true,90
63,Petronille,Lund,plund1q@mayoclinic.com,3478709415,India,Uttar Pradesh,6/25/2025,true,59
64,Ludvig,Farfalameev,lfarfalameev1r@usatoday.com,9409258155,India,Andhra Pradesh,12/23/2024,false,53
65,Cullan,McCloy,cmccloy1s@weibo.com,8038681607,India,Andhra Pradesh,5/19/2025,false,30
66,Saleem,Harvey,sharvey1t@sbwire.com,2062324818,India,Andhra Pradesh,9/23/2024,true,65
67,Verne,Batter,vbatter1u@zimbio.com,7401907628,India,Uttar Pradesh,10/1/2024,false,22
68,Lusa,Todman,ltodman1v@imdb.com,8591211858,India,Andhra Pradesh,1/24/2025,false,98
69,Walsh,Lutsch,wlutsch1w@opera.com,7438221318,India,Gujarat,4/4/2025,true,57
70,Bernette,Aindriu,baindriu1x@cnn.com,1109020040,India,Uttar Pradesh,3/25/2025,true,38
71,Celie,Torbeck,ctorbeck1y@ftc.gov,3495652117,India,Andhra Pradesh,7/4/2025,true,74
72,Ruthie,Jehaes,rjehaes1z@constantcontact.com,6838282843,India,Gujarat,10/10/2024,true,90
73,Leola,Greyes,lgreyes20@angelfire.com,4435695901,India,Uttar Pradesh,7/5/2025,false,45
74,Lianna,Lockery,llockery21@fema.gov,1587368508,India,Andhra Pradesh,2/16/2025,false,13
75,Mikol,Scupham,mscupham22@google.ru,5617419346,India,Andhra Pradesh,3/8/2025,true,92
76,Launce,Epgrave,lepgrave23@tripod.com,8994098699,India,Uttar Pradesh,9/21/2024,false,74
77,Eveleen,Edgson,eedgson24@boston.com,7226044626,India,Andhra Pradesh,6/18/2025,false,99
78,Norris,Handley,nhandley25@diigo.com,7152733703,India,Uttar Pradesh,9/20/2024,false,57
79,Neila,Whittlesea,nwhittlesea26@mit.edu,6674704334,India,Gujarat,6/28/2025,false,22
80,Geraldine,Hepher,ghepher27@1und1.de,4111685276,India,Gujarat,11/26/2024,false,17
81,Shaylynn,Steffens,ssteffens28@chron.com,3134910557,India,Uttar Pradesh,7/17/2024,true,27
82,Lorettalorna,Zahor,lzahor29@scientificamerican.com,1809675231,India,Uttar Pradesh,10/12/2024,false,20
83,Carlin,Sallter,csallter2a@meetup.com,1354454425,India,Andhra Pradesh,5/26/2025,true,4
84,Royce,Polly,rpolly2b@dyndns.org,7819411337,India,Andhra Pradesh,3/23/2025,true,88
85,Carolan,McKerton,cmckerton2c@yahoo.com,6601873920,India,Uttar Pradesh,2/1/2025,false,26
86,Adorne,Eakens,aeakens2d@4shared.com,6033878126,India,Uttar Pradesh,8/8/2024,false,19
87,Rhonda,McElrea,rmcelrea2e@skype.com,3472540224,India,Uttar Pradesh,11/14/2024,false,55
88,Fergus,Kealy,fkealy2f@reference.com,2362624800,India,Andhra Pradesh,3/8/2025,true,6
89,Mordecai,Playfair,mplayfair2g@dagondesign.com,1067542972,India,Uttar Pradesh,10/31/2024,true,39
90,Cash,Doumerc,cdoumerc2h@google.de,4397692080,India,Gujarat,10/26/2024,true,85
91,Victor,Nazaret,vnazaret2i@myspace.com,3777142910,India,Gujarat,11/29/2024,true,96
92,Dallas,Skillitt,dskillitt2j@com.com,8937120370,India,Uttar Pradesh,6/10/2025,false,28
93,Lemmie,Jentin,ljentin2k@wordpress.org,5415192588,India,Andhra Pradesh,10/14/2024,true,38
94,Bram,Masseo,bmasseo2l@amazon.co.jp,8289925892,India,Andhra Pradesh,12/25/2024,true,22
95,Babb,Easom,beasom2m@europa.eu,3831425856,India,Andhra Pradesh,5/25/2025,false,26
96,Rickey,Cumesky,rcumesky2n@whitehouse.gov,1859168960,India,Gujarat,1/7/2025,false,87
97,Ranee,McIllrick,rmcillrick2o@dyndns.org,3596077210,India,Andhra Pradesh,1/13/2025,false,47
98,Toby,Tschierse,ttschierse2p@rakuten.co.jp,3833215736,India,Andhra Pradesh,8/8/2024,false,75
99,Sileas,Morando,smorando2q@cmu.edu,4345924885,India,Uttar Pradesh,7/16/2024,false,51
100,Kevon,Haggeth,khaggeth2r@mit.edu,4215808762,India,Gujarat,11/13/2024,true,33
101,Fanny,Joist,fjoist2s@hhs.gov,4765918007,India,Gujarat,9/9/2024,true,75
102,Kristian,Wiggam,kwiggam2t@1und1.de,4549181220,India,Gujarat,7/30/2024,true,60
103,Filip,McNess,fmcness2u@cmu.edu,6013943876,India,Andhra Pradesh,2/22/2025,false,81
104,Korrie,Sentance,ksentance2v@cdc.gov,1765315421,India,Uttar Pradesh,11/5/2024,false,18
105,Bonnee,Najera,bnajera2w@hao123.com,5846998620,India,Gujarat,1/13/2025,false,89
106,Homer,Cudbird,hcudbird2x@ebay.co.uk,1687635364,India,Andhra Pradesh,11/20/2024,true,4
107,Temple,Dodson,tdodson2y@comcast.net,8842523311,India,Gujarat,12/6/2024,false,17
108,Kirsten,Fison,kfison2z@prnewswire.com,2415418736,India,Gujarat,4/16/2025,true,51
109,Mirabel,Claydon,mclaydon30@columbia.edu,2396631267,India,Gujarat,4/24/2025,true,2
110,Christos,Robecon,crobecon31@huffingtonpost.com,5628187511,India,Andhra Pradesh,6/7/2025,false,87
111,Gauthier,Rasp,grasp32@umn.edu,2832044873,India,Gujarat,10/10/2024,false,16
112,Rufe,Dobell,rdobell33@slate.com,8611029071,India,Andhra Pradesh,10/31/2024,false,70
113,Dela,Higginbottam,dhigginbottam34@paypal.com,8171057235,India,Andhra Pradesh,11/15/2024,false,96
114,Vivyan,Alfonzo,valfonzo35@cnbc.com,1849689232,India,Gujarat,7/15/2024,true,7
115,Robbi,Kimmins,rkimmins36@japanpost.jp,1248416924,India,Gujarat,10/14/2024,true,9
116,Nanice,Inkle,ninkle37@plala.or.jp,9521838444,India,Uttar Pradesh,6/27/2025,true,15
117,Levin,Pattini,lpattini38@wordpress.org,6073613932,India,Andhra Pradesh,4/10/2025,false,82
118,Abel,Beresford,aberesford39@twitpic.com,9765564292,India,Andhra Pradesh,10/30/2024,true,48
119,Garland,Dedden,gdedden3a@twitpic.com,7104894905,India,Andhra Pradesh,12/27/2024,true,55
120,Klara,Dumbar,kdumbar3b@so-net.ne.jp,9606168755,India,Uttar Pradesh,11/8/2024,false,76
121,Arluene,Tregidga,atregidga3c@mediafire.com,8326394235,India,Andhra Pradesh,11/6/2024,false,10
122,Griffie,Pagin,gpagin3d@ovh.net,7106680404,India,Andhra Pradesh,5/15/2025,true,77
123,Hurley,Fontelles,hfontelles3e@icq.com,8144462965,India,Uttar Pradesh,6/9/2025,true,11
124,Miltie,Ryde,mryde3f@reference.com,1983211719,India,Gujarat,8/10/2024,false,34
125,Clarette,Barwack,cbarwack3g@oaic.gov.au,3632565871,India,Gujarat,11/27/2024,true,77
126,Alric,Vasiljevic,avasiljevic3h@soup.io,5495788740,India,Uttar Pradesh,4/26/2025,false,85
127,Fielding,Rey,frey3i@nifty.com,5906797016,India,Uttar Pradesh,5/7/2025,false,73
128,Elnora,Hawford,ehawford3j@wired.com,2812789950,India,Andhra Pradesh,5/2/2025,false,87
129,Austin,Piccop,apiccop3k@gov.uk,6217257436,India,Uttar Pradesh,7/17/2024,false,52
130,Bethanne,Selwyn,bselwyn3l@springer.com,2665822940,India,Gujarat,3/4/2025,false,57
131,Bertina,Kinnaird,bkinnaird3m@pagesperso-orange.fr,7744767886,India,Gujarat,2/7/2025,false,62
132,Catlee,Bahls,cbahls3n@weibo.com,7671317932,India,Andhra Pradesh,10/29/2024,false,32
133,Clio,Jutson,cjutson3o@salon.com,3492169010,India,Gujarat,10/28/2024,true,44
134,Cyb,Causbey,ccausbey3p@tripadvisor.com,1304993246,India,Uttar Pradesh,2/19/2025,false,36
135,Gregoor,Eard,geard3q@bravesites.com,7475470713,India,Uttar Pradesh,11/10/2024,false,14
136,Cynthea,McAlister,cmcalister3r@forbes.com,4903187905,India,Andhra Pradesh,8/13/2024,true,70
137,Jamison,Stockley,jstockley3s@naver.com,1591135878,India,Andhra Pradesh,11/4/2024,false,10
138,Yorgos,Luard,yluard3t@tmall.com,8682032851,India,Gujarat,5/15/2025,false,9
139,Corrina,Vasiliev,cvasiliev3u@bravesites.com,2318214984,India,Uttar Pradesh,5/11/2025,true,63
140,Cyrus,Johnigan,cjohnigan3v@clickbank.net,3931276320,India,Andhra Pradesh,3/17/2025,false,56
141,Ofelia,Shankle,oshankle3w@nymag.com,3251844313,India,Gujarat,6/27/2025,true,24
142,Kandy,Waycott,kwaycott3x@ebay.co.uk,9041132454,India,Gujarat,5/30/2025,true,45
143,Lenard,Vasilyonok,lvasilyonok3y@spotify.com,7117562919,India,Gujarat,4/6/2025,true,57
144,Truda,Librey,tlibrey3z@netvibes.com,8006265081,India,Gujarat,2/6/2025,false,85
145,Phillipe,Cumberlidge,pcumberlidge40@rakuten.co.jp,5363519671,India,Uttar Pradesh,4/12/2025,false,66
146,Zacharie,Cawston,zcawston41@gizmodo.com,6709639521,India,Andhra Pradesh,10/6/2024,false,70
147,Easter,Grisenthwaite,egrisenthwaite42@hostgator.com,5951298257,India,Gujarat,2/18/2025,true,59
148,Lorette,Alflat,lalflat43@nps.gov,3612546505,India,Uttar Pradesh,2/26/2025,false,79
149,Goldia,Negro,gnegro44@mapquest.com,4364446516,India,Uttar Pradesh,8/12/2024,false,43
150,Iseabal,Hugland,ihugland45@washington.edu,1361556823,India,Gujarat,2/15/2025,false,45
151,Marcel,Feron,mferon46@acquirethisname.com,8235496953,India,Uttar Pradesh,9/7/2024,false,5
152,Dix,Usborn,dusborn47@oracle.com,6348655058,India,Gujarat,9/1/2024,true,22
153,Sheelah,Collacombe,scollacombe48@theatlantic.com,2492812360,India,Uttar Pradesh,12/9/2024,true,9
154,Dian,Housley,dhousley49@imageshack.us,1629745423,India,Uttar Pradesh,10/29/2024,true,18
155,Shane,Parkhouse,sparkhouse4a@drupal.org,7809248951,India,Andhra Pradesh,7/29/2024,false,80
156,Ileane,Farquar,ifarquar4b@zimbio.com,8243266842,India,Andhra Pradesh,7/8/2024,false,25
157,Adrian,Wickliffe,awickliffe4c@europa.eu,3482551289,India,Andhra Pradesh,8/8/2024,false,66
158,Darcey,Sweetnam,dsweetnam4d@businesswire.com,2573942425,India,Andhra Pradesh,1/21/2025,false,17
159,Tommy,Abramcik,tabramcik4e@elpais.com,8118389831,India,Gujarat,6/13/2025,true,49
160,Stearne,Casero,scasero4f@comsenz.com,7839124792,India,Gujarat,6/22/2025,false,11
161,Lian,Bilsborrow,lbilsborrow4g@wp.com,7438919684,India,Gujarat,6/10/2025,true,92
162,Mercie,Rivenzon,mrivenzon4h@altervista.org,1686292809,India,Uttar Pradesh,2/8/2025,true,58
163,Tremain,Rego,trego4i@bloomberg.com,8818461234,India,Uttar Pradesh,3/18/2025,true,4
164,Haleigh,Parlour,hparlour4j@slideshare.net,2496401654,India,Uttar Pradesh,8/28/2024,true,87
165,Cecilla,MacKniely,cmackniely4k@utexas.edu,2807106313,India,Uttar Pradesh,4/30/2025,false,16
166,Portie,Farthin,pfarthin4l@mediafire.com,9566596673,India,Gujarat,9/21/2024,true,83
167,Pail,Ceeley,pceeley4m@a8.net,1657885413,India,Gujarat,10/1/2024,true,39
168,Chrysa,Ley,cley4n@about.me,5875574493,India,Gujarat,4/3/2025,false,74
169,Vin,Devorill,vdevorill4o@imageshack.us,9237436198,India,Uttar Pradesh,2/2/2025,false,60
170,Berkie,McLagain,bmclagain4p@1und1.de,1689100704,India,Uttar Pradesh,6/9/2025,false,86
171,Ellis,Scowcroft,escowcroft4q@technorati.com,1608571064,India,Gujarat,9/30/2024,false,42
172,Carson,Lathwood,clathwood4r@typepad.com,4293034890,India,Uttar Pradesh,8/11/2024,false,28
173,Hubey,Hargey,hhargey4s@shareasale.com,4223173160,India,Gujarat,5/18/2025,false,5
174,Rudyard,Hidderley,rhidderley4t@i2i.jp,6242966288,India,Andhra Pradesh,3/4/2025,false,71
175,Sandi,Chesshyre,schesshyre4u@wp.com,6608521426,India,Andhra Pradesh,10/29/2024,true,52
176,Celine,Wedlock,cwedlock4v@typepad.com,3551893117,India,Uttar Pradesh,6/19/2025,false,90
177,Michel,Clerc,mclerc4w@home.pl,3842797777,India,Gujarat,10/17/2024,false,94
178,Reagen,Owbrick,rowbrick4x@topsy.com,9809410398,India,Andhra Pradesh,2/5/2025,false,8
179,Damiano,Ziebart,dziebart4y@bing.com,7326341598,India,Andhra Pradesh,7/16/2024,true,76
180,Freddy,Georgins,fgeorgins4z@cdbaby.com,2581063646,India,Uttar Pradesh,7/6/2025,false,81
181,Dion,Guslon,dguslon50@ask.com,9211068817,India,Uttar Pradesh,1/20/2025,true,82
182,Baily,Boxe,bboxe51@unicef.org,5481061669,India,Gujarat,4/28/2025,false,86
183,Shoshana,Twede,stwede52@chronoengine.com,5706953487,India,Andhra Pradesh,3/11/2025,false,41
184,Karlan,Anshell,kanshell53@mediafire.com,2869468400,India,Uttar Pradesh,10/14/2024,true,76
185,Evey,MacGuffie,emacguffie54@jimdo.com,8635448854,India,Andhra Pradesh,3/6/2025,false,47
186,Virginie,Ubanks,vubanks55@dell.com,1527105005,India,Gujarat,2/1/2025,true,89
187,Davita,Lisle,dlisle56@un.org,2634331238,India,Andhra Pradesh,11/6/2024,false,8
188,Khalil,Dewan,kdewan57@deviantart.com,7869367737,India,Andhra Pradesh,6/2/2025,false,11
189,Cullin,Holliar,cholliar58@myspace.com,5169165546,India,Uttar Pradesh,1/29/2025,false,4
190,Abagael,Castri,acastri59@myspace.com,7844904435,India,Gujarat,3/2/2025,true,90
191,Northrup,Rickardsson,nrickardsson5a@spotify.com,7782350197,India,Uttar Pradesh,12/27/2024,false,45
192,Tabby,Van Hove,tvanhove5b@samsung.com,1218848258,India,Andhra Pradesh,10/28/2024,true,14
193,Damien,Arrighini,darrighini5c@youtu.be,7112982565,India,Gujarat,10/21/2024,false,72
194,Dominik,Carlesi,dcarlesi5d@shinystat.com,7866922688,India,Gujarat,3/7/2025,true,76
195,Verile,Cashman,vcashman5e@un.org,1555132345,India,Andhra Pradesh,12/30/2024,true,88
196,Sigismundo,Pettman,spettman5f@tumblr.com,4275575982,India,Andhra Pradesh,7/26/2024,false,13
197,Helen,Uppett,huppett5g@behance.net,1237057452,India,Gujarat,10/16/2024,true,21
198,Nanon,Orrocks,norrocks5h@youku.com,7751080430,India,Gujarat,5/6/2025,false,30
199,Alvan,Buckberry,abuckberry5i@bbb.org,6716930735,India,Andhra Pradesh,12/27/2024,true,53
200,Chrysa,Algate,calgate5j@dagondesign.com,1624075963,India,Gujarat,12/22/2024,true,66
201,Matti,Foye,mfoye5k@booking.com,9984535362,India,Uttar Pradesh,3/29/2025,true,74
202,Nickie,Gudge,ngudge5l@imgur.com,1416002863,India,Andhra Pradesh,8/25/2024,true,56
203,Teddi,Murfett,tmurfett5m@macromedia.com,8926800813,India,Gujarat,10/21/2024,false,11
204,Terra,Culross,tculross5n@sphinn.com,8282426517,India,Gujarat,8/15/2024,false,62
205,Kippar,Fenge,kfenge5o@e-recht24.de,5868887869,India,Uttar Pradesh,12/25/2024,false,98
206,Fleurette,Vear,fvear5p@usa.gov,6582887994,India,Andhra Pradesh,11/21/2024,true,49
207,Randi,Myring,rmyring5q@sfgate.com,5667436186,India,Gujarat,9/30/2024,false,19
208,Vivie,Burgane,vburgane5r@usnews.com,1482871050,India,Gujarat,4/18/2025,true,69
209,Addison,Pillington,apillington5s@topsy.com,7359925623,India,Uttar Pradesh,10/20/2024,true,52
210,Alejoa,Blackaller,ablackaller5t@pagesperso-orange.fr,3888158579,India,Andhra Pradesh,1/16/2025,false,47
211,Ash,Wayper,awayper5u@toplist.cz,4411228723,India,Uttar Pradesh,5/30/2025,false,60
212,Alexa,Bartolomivis,abartolomivis5v@latimes.com,3553006290,India,Andhra Pradesh,2/10/2025,false,9
213,Jillayne,Curtin,jcurtin5w@stanford.edu,6709063145,India,Andhra Pradesh,9/13/2024,false,70
214,Eulalie,Willars,ewillars5x@telegraph.co.uk,3921410622,India,Uttar Pradesh,8/3/2024,true,7
215,Jemmie,Course,jcourse5y@msu.edu,9289005259,India,Gujarat,5/24/2025,true,13
216,Genny,Naul,gnaul5z@ed.gov,8636255134,India,Uttar Pradesh,8/18/2024,true,88
217,Grannie,Di Franceschi,gdifranceschi60@cbsnews.com,6493704293,India,Andhra Pradesh,6/23/2025,true,79
218,Alana,Berthome,aberthome61@wsj.com,5153986400,India,Andhra Pradesh,7/25/2024,true,30
219,Oby,Merington,omerington62@wikimedia.org,9483382526,India,Gujarat,10/14/2024,true,45
220,Chance,Artinstall,cartinstall63@vimeo.com,5893561386,India,Andhra Pradesh,4/7/2025,false,9
221,Aldin,Gradwell,agradwell64@bigcartel.com,4736150873,India,Gujarat,8/30/2024,true,42
222,Drusi,Lawry,dlawry65@mozilla.com,8569330084,India,Uttar Pradesh,9/28/2024,false,43
223,Chicky,Wadeling,cwadeling66@deviantart.com,8352088317,India,Andhra Pradesh,7/3/2025,false,20
224,Selby,Roz,sroz67@sina.com.cn,7086831749,India,Gujarat,7/1/2025,false,22
225,Ophelie,Plaskitt,oplaskitt68@naver.com,5826913624,India,Uttar Pradesh,3/5/2025,false,56
226,Penny,Couzens,pcouzens69@pbs.org,7628712537,India,Gujarat,7/4/2025,false,73
227,Noble,Kelson,nkelson6a@google.ca,5991631029,India,Andhra Pradesh,5/4/2025,false,88
228,Doralynn,Gritsunov,dgritsunov6b@mapy.cz,8744113017,India,Uttar Pradesh,5/3/2025,true,55
229,Jeanine,Grewes,jgrewes6c@boston.com,5685019301,India,Gujarat,3/23/2025,false,80
230,Delora,Sember,dsember6d@ycombinator.com,9423249233,India,Uttar Pradesh,2/21/2025,true,7
231,Candace,Fowle,cfowle6e@tinyurl.com,6936881126,India,Gujarat,3/17/2025,false,64
232,Dame,Mozzini,dmozzini6f@businessinsider.com,7868451246,India,Uttar Pradesh,8/10/2024,false,94
233,Daphene,Seeger,dseeger6g@newsvine.com,3596188275,India,Uttar Pradesh,6/7/2025,false,31
234,Fanny,Lude,flude6h@webnode.com,1324851877,India,Andhra Pradesh,1/15/2025,false,93
235,Dukie,Walenta,dwalenta6i@cafepress.com,2383296841,India,Andhra Pradesh,9/7/2024,true,12
236,Amil,Purrier,apurrier6j@e-recht24.de,3533048033,India,Gujarat,8/22/2024,false,83
237,Jessalyn,Buckler,jbuckler6k@soup.io,6068573517,India,Uttar Pradesh,12/25/2024,false,27
238,Linnet,Cocking,lcocking6l@qq.com,6583672188,India,Gujarat,3/17/2025,false,49
239,Candide,Hartwell,chartwell6m@amazonaws.com,5826196358,India,Uttar Pradesh,10/13/2024,false,19
240,Gerome,Barlas,gbarlas6n@psu.edu,3467012350,India,Gujarat,3/31/2025,false,74
241,Rutledge,Paolone,rpaolone6o@wikimedia.org,3798102899,India,Uttar Pradesh,1/14/2025,false,31
242,Christiane,Bristowe,cbristowe6p@shop-pro.jp,7626049107,India,Gujarat,1/4/2025,true,26
243,Vivianna,Bullers,vbullers6q@istockphoto.com,1579061489,India,Uttar Pradesh,2/18/2025,true,71
244,Joey,Maher,jmaher6r@people.com.cn,4095256716,India,Gujarat,5/31/2025,true,37
245,Hardy,Jedrychowski,hjedrychowski6s@storify.com,1199918293,India,Gujarat,8/25/2024,false,69
246,Drugi,Bras,dbras6t@free.fr,1756320163,India,Uttar Pradesh,8/28/2024,true,86
247,Lani,Foxen,lfoxen6u@dagondesign.com,1985238225,India,Uttar Pradesh,6/21/2025,false,98
248,Noel,Liverock,nliverock6v@nsw.gov.au,7185146076,India,Andhra Pradesh,5/9/2025,false,93
249,Twila,Risbie,trisbie6w@soup.io,6136833758,India,Andhra Pradesh,5/23/2025,false,7
250,Finlay,Harrower,fharrower6x@feedburner.com,2728605657,India,Andhra Pradesh,6/12/2025,false,87
251,Burty,Narramor,bnarramor6y@foxnews.com,3678915708,India,Andhra Pradesh,2/1/2025,true,94
252,Katleen,Linn,klinn6z@scientificamerican.com,7784305616,India,Andhra Pradesh,12/9/2024,true,49
253,Webb,Trenchard,wtrenchard70@hud.gov,7383726719,India,Andhra Pradesh,12/12/2024,true,11
254,Joyann,Knocker,jknocker71@va.gov,4734966756,India,Uttar Pradesh,4/14/2025,true,89
255,Nora,Mantione,nmantione72@ebay.co.uk,9038418402,India,Gujarat,12/16/2024,true,46
256,Ravi,Mish,rmish73@sbwire.com,3474991768,India,Gujarat,10/4/2024,true,37
257,Erick,Peplay,epeplay74@wunderground.com,6838754827,India,Gujarat,1/5/2025,false,8
258,Herold,Bauld,hbauld75@google.ru,8784013609,India,Uttar Pradesh,6/12/2025,true,67
259,Patrice,Callaby,pcallaby76@mtv.com,7128225154,India,Uttar Pradesh,10/17/2024,false,11
260,Rudiger,Emanuelov,remanuelov77@google.co.jp,4065556173,India,Gujarat,12/17/2024,false,98
261,Tallia,Vink,tvink78@blogger.com,3799299083,India,Andhra Pradesh,2/4/2025,true,67
262,Jerrine,Capun,jcapun79@nsw.gov.au,4229103272,India,Andhra Pradesh,2/19/2025,true,86
263,Veradis,Maddyson,vmaddyson7a@tripod.com,9358228666,India,Andhra Pradesh,2/8/2025,true,46
264,Goddart,Kingswood,gkingswood7b@jimdo.com,4284849178,India,Uttar Pradesh,3/22/2025,false,23
265,Theodoric,Eliasen,teliasen7c@behance.net,8505491216,India,Gujarat,6/18/2025,false,32
266,Janeva,Dobby,jdobby7d@etsy.com,9092119808,India,Gujarat,9/28/2024,false,36
267,Delbert,Petrillo,dpetrillo7e@behance.net,3024509785,India,Uttar Pradesh,11/10/2024,false,94
268,Regen,Burtonshaw,rburtonshaw7f@army.mil,4667886959,India,Uttar Pradesh,11/10/2024,false,17
269,Taryn,Rissom,trissom7g@goo.ne.jp,4859434291,India,Andhra Pradesh,5/31/2025,false,97
270,Elsbeth,Lyne,elyne7h@soup.io,1176990867,India,Gujarat,3/9/2025,false,98
271,Terri-jo,Pringer,tpringer7i@so-net.ne.jp,8098245377,India,Gujarat,5/1/2025,true,14
272,Nicky,Clyne,nclyne7j@bbc.co.uk,4044670502,India,Gujarat,9/18/2024,false,62
273,Loydie,De Robertis,lderobertis7k@wikipedia.org,4213218109,India,Uttar Pradesh,5/21/2025,false,48
274,Colby,Pottage,cpottage7l@a8.net,1482537370,India,Uttar Pradesh,1/24/2025,false,92
275,Catha,Claiden,cclaiden7m@amazon.co.jp,9151257642,India,Gujarat,6/6/2025,false,16
276,Calida,Nickols,cnickols7n@accuweather.com,8523104864,India,Uttar Pradesh,11/3/2024,true,46
277,Noelle,Swash,nswash7o@shutterfly.com,7894420006,India,Gujarat,8/2/2024,false,42
278,Katleen,Mouland,kmouland7p@de.vu,3506021918,India,Uttar Pradesh,2/28/2025,false,18
279,Andie,Tretter,atretter7q@sohu.com,3006277601,India,Gujarat,1/14/2025,true,35
280,Aime,Ardern,aardern7r@zdnet.com,3094247964,India,Uttar Pradesh,8/21/2024,true,3
281,Barton,Babar,bbabar7s@blogger.com,6717379936,India,Andhra Pradesh,9/23/2024,true,44
282,Korella,Von Hindenburg,kvonhindenburg7t@cam.ac.uk,4338588490,India,Gujarat,6/1/2025,false,11
283,Melany,Rush,mrush7u@blogspot.com,6502275570,India,Gujarat,2/2/2025,true,33
284,Hillery,Brownfield,hbrownfield7v@alibaba.com,9206293832,India,Gujarat,6/3/2025,false,90
285,Natalya,Levay,nlevay7w@cnbc.com,5777449019,India,Uttar Pradesh,10/24/2024,false,91
286,Jonas,Blandamore,jblandamore7x@reference.com,4978461167,India,Uttar Pradesh,5/3/2025,false,13
287,Kennett,Barron,kbarron7y@i2i.jp,9357862073,India,Uttar Pradesh,6/8/2025,false,12
288,Jerri,Doreward,jdoreward7z@alibaba.com,7864661405,India,Uttar Pradesh,1/24/2025,false,15
289,Newton,Ferrone,nferrone80@ihg.com,4518303959,India,Uttar Pradesh,1/11/2025,true,76
290,Gianni,Jeanneau,gjeanneau81@pbs.org,2005464334,India,Gujarat,3/8/2025,false,4
291,Grissel,Kyffin,gkyffin82@nytimes.com,9424109819,India,Gujarat,2/23/2025,false,44
292,Cesar,Kernaghan,ckernaghan83@slideshare.net,6747972219,India,Uttar Pradesh,8/30/2024,false,28
293,Carey,Phinn,cphinn84@google.com,3339621414,India,Uttar Pradesh,8/31/2024,false,77
294,Karrie,Morecomb,kmorecomb85@buzzfeed.com,1256721445,India,Uttar Pradesh,11/26/2024,false,1
295,Ralph,Demeza,rdemeza86@boston.com,7514916217,India,Uttar Pradesh,11/25/2024,false,44
296,Barbra,Arrighi,barrighi87@nyu.edu,8362045817,India,Gujarat,12/10/2024,true,78
297,Damita,Mandry,dmandry88@bing.com,9186847940,India,Andhra Pradesh,2/5/2025,true,45
298,Chad,Alliston,calliston89@cdbaby.com,2314889783,India,Uttar Pradesh,6/10/2025,true,85
299,Maybelle,Tanswell,mtanswell8a@ebay.com,5755306421,India,Andhra Pradesh,6/27/2025,true,14
300,Korie,Elcoat,kelcoat8b@reference.com,6066139146,India,Gujarat,6/8/2025,true,14
301,Fara,Thams,fthams8c@ihg.com,4648420149,India,Gujarat,8/22/2024,true,22
302,Hadleigh,Wasiela,hwasiela8d@barnesandnoble.com,3895792889,India,Andhra Pradesh,8/28/2024,false,86
303,Erna,Summers,esummers8e@hp.com,8856611305,India,Uttar Pradesh,2/15/2025,false,56
304,Temp,Dewer,tdewer8f@sun.com,5563579738,India,Andhra Pradesh,10/16/2024,false,72
305,Celestine,Whittam,cwhittam8g@edublogs.org,4338841682,India,Andhra Pradesh,6/16/2025,false,48
306,Emmy,Owers,eowers8h@slideshare.net,9646943488,India,Andhra Pradesh,11/21/2024,false,17
307,Johnath,Muckleston,jmuckleston8i@nsw.gov.au,6984583812,India,Gujarat,11/27/2024,false,78
308,Golda,Postan,gpostan8j@cargocollective.com,7691539956,India,Gujarat,11/1/2024,false,82
309,Gates,Odgaard,godgaard8k@elpais.com,5375092991,India,Gujarat,12/8/2024,true,36
310,Stefanie,Jerman,sjerman8l@mozilla.org,6734147273,India,Gujarat,6/7/2025,true,32
311,Von,Tither,vtither8m@slate.com,4641993917,India,Andhra Pradesh,10/3/2024,false,49
312,Zebulen,Cape,zcape8n@mashable.com,3368216803,India,Uttar Pradesh,12/8/2024,false,63
313,Dex,Sigge,dsigge8o@usda.gov,5851344774,India,Uttar Pradesh,8/19/2024,false,23
314,Dennis,McCarrison,dmccarrison8p@domainmarket.com,1552594240,India,Andhra Pradesh,3/13/2025,true,80
315,Darby,Holson,dholson8q@com.com,1277033900,India,Andhra Pradesh,12/1/2024,true,26
316,Hartley,Fossick,hfossick8r@1688.com,8486232539,India,Gujarat,1/15/2025,false,90
317,Arvie,Sawbridge,asawbridge8s@wix.com,1836618183,India,Gujarat,6/11/2025,true,45
318,Ingmar,Baldry,ibaldry8t@harvard.edu,5451453668,India,Andhra Pradesh,3/2/2025,false,40
319,Max,Songer,msonger8u@t.co,9411183451,India,Uttar Pradesh,11/23/2024,false,99
320,Arty,Piotrkowski,apiotrkowski8v@list-manage.com,8809672664,India,Gujarat,2/3/2025,false,87
321,Kata,McCotter,kmccotter8w@amazon.com,1958008594,India,Gujarat,3/27/2025,true,14
322,Hasty,Boult,hboult8x@sfgate.com,1271396816,India,Uttar Pradesh,1/7/2025,false,55
323,Errick,Boken,eboken8y@ted.com,3132338910,India,Uttar Pradesh,1/6/2025,true,74
324,Alfy,Yakovich,ayakovich8z@geocities.com,8329118064,India,Gujarat,6/22/2025,true,87
325,Kimberlyn,Gibbieson,kgibbieson90@sun.com,3012322379,India,Uttar Pradesh,9/18/2024,true,13
326,Bird,McCollum,bmccollum91@gnu.org,6264272954,India,Uttar Pradesh,4/8/2025,true,16
327,Onida,Yakubov,oyakubov92@infoseek.co.jp,5018111886,India,Andhra Pradesh,3/1/2025,false,63
328,Emelia,Farrand,efarrand93@berkeley.edu,1908747870,India,Andhra Pradesh,4/5/2025,false,38
329,Alysia,Santer,asanter94@ft.com,8037317434,India,Gujarat,4/9/2025,false,4
330,Esdras,Brisse,ebrisse95@hao123.com,6941226658,India,Uttar Pradesh,1/27/2025,true,58
331,Ignazio,Beecraft,ibeecraft96@youku.com,5335988261,India,Gujarat,10/27/2024,true,25
332,Rosalie,Klassman,rklassman97@usgs.gov,3157514682,India,Andhra Pradesh,4/15/2025,true,79
333,Dacie,Escale,descale98@ucla.edu,5013884889,India,Gujarat,7/12/2024,true,40
334,Cloris,Boyne,cboyne99@paginegialle.it,4421107207,India,Andhra Pradesh,6/8/2025,true,94
335,Colet,Noble,cnoble9a@github.com,1522108086,India,Uttar Pradesh,1/3/2025,false,49
336,Daffi,Markos,dmarkos9b@japanpost.jp,9449137614,India,Uttar Pradesh,1/18/2025,true,83
337,Derron,Gittis,dgittis9c@cnet.com,6126587189,India,Andhra Pradesh,4/17/2025,false,12
338,Mechelle,Goseling,mgoseling9d@google.com,7554892405,India,Andhra Pradesh,9/11/2024,false,90
339,Gale,Jacobowits,gjacobowits9e@booking.com,1714927248,India,Uttar Pradesh,4/4/2025,false,58
340,Betsy,Enbury,benbury9f@guardian.co.uk,9878069616,India,Andhra Pradesh,9/9/2024,false,31
341,Carson,Giral,cgiral9g@ask.com,8634093101,India,Gujarat,8/27/2024,false,91
342,Dirk,Ranyelld,dranyelld9h@virginia.edu,6856945731,India,Andhra Pradesh,5/21/2025,false,54
343,Stanfield,Ricardot,sricardot9i@slideshare.net,6005607098,India,Andhra Pradesh,8/19/2024,false,92
344,Lorita,Verrell,lverrell9j@netscape.com,9388939792,India,Gujarat,9/4/2024,false,72
345,Mora,Woakes,mwoakes9k@google.co.uk,4122436728,India,Andhra Pradesh,4/15/2025,false,67
346,Cornela,Camfield,ccamfield9l@amazon.com,5789161663,India,Andhra Pradesh,12/7/2024,false,56
347,Carny,Lund,clund9m@rambler.ru,7877095646,India,Uttar Pradesh,3/11/2025,true,62
348,Hort,Manuely,hmanuely9n@newyorker.com,6202706454,India,Uttar Pradesh,7/2/2025,false,18
349,Nata,Girdlestone,ngirdlestone9o@4shared.com,7204835807,India,Uttar Pradesh,6/27/2025,false,11
350,Lorette,Bowell,lbowell9p@zdnet.com,3164246907,India,Andhra Pradesh,12/5/2024,false,25
351,Tara,Santry,tsantry9q@gravatar.com,1901673985,India,Gujarat,4/8/2025,false,89
352,Wallis,Mangenet,wmangenet9r@addtoany.com,8354601545,India,Gujarat,11/1/2024,false,72
353,Jake,Needs,jneeds9s@youtu.be,9883956274,India,Andhra Pradesh,7/15/2024,true,53
354,Sadye,Jentle,sjentle9t@cargocollective.com,1729180755,India,Andhra Pradesh,10/15/2024,false,15
355,Jacob,Lafay,jlafay9u@phoca.cz,1455965818,India,Andhra Pradesh,12/16/2024,false,77
356,Katharine,McTerlagh,kmcterlagh9v@elegantthemes.com,6027970715,India,Uttar Pradesh,1/11/2025,false,86
357,Netty,Randal,nrandal9w@jugem.jp,6819963952,India,Gujarat,4/16/2025,true,63
358,Etan,Beldan,ebeldan9x@joomla.org,8414986941,India,Uttar Pradesh,4/12/2025,true,21
359,Corny,Larrington,clarrington9y@loc.gov,5916041090,India,Uttar Pradesh,6/10/2025,false,40
360,Marcy,Oldridge,moldridge9z@java.com,5921260245,India,Gujarat,6/11/2025,true,7
361,Karee,Menci,kmencia0@ustream.tv,5133570672,India,Andhra Pradesh,11/8/2024,true,55
362,Tabbie,Attenbrough,tattenbrougha1@wordpress.com,8128525949,India,Gujarat,2/4/2025,true,52
363,Jemima,Keats,jkeatsa2@google.it,9793935969,India,Andhra Pradesh,4/30/2025,false,13
364,Beaufort,MacWhan,bmacwhana3@amazon.co.jp,7114027563,India,Andhra Pradesh,6/18/2025,false,51
365,Sallee,Broxton,sbroxtona4@mit.edu,7262829019,India,Andhra Pradesh,7/20/2024,false,3
366,Kariotta,Thorouggood,kthorouggooda5@github.io,5753602948,India,Andhra Pradesh,12/21/2024,true,78
367,Susanna,Massel,smassela6@eepurl.com,8845858811,India,Andhra Pradesh,3/22/2025,true,5
368,Latashia,Keeping,lkeepinga7@mediafire.com,6848764108,India,Gujarat,7/14/2024,false,95
369,Pippy,Moscone,pmosconea8@devhub.com,3712507472,India,Uttar Pradesh,7/24/2024,true,91
370,Barbabra,Pasquale,bpasqualea9@lycos.com,4098284197,India,Andhra Pradesh,2/16/2025,false,5
371,Alfonso,Stanford,astanfordaa@dyndns.org,2988192701,India,Gujarat,11/9/2024,true,99
372,Brigg,Trobe,btrobeab@webmd.com,5821343204,India,Uttar Pradesh,10/23/2024,true,27
373,Muhammad,Ducker,mduckerac@bravesites.com,3902472616,India,Andhra Pradesh,7/29/2024,false,85
374,Kerr,Clarson,kclarsonad@unicef.org,2543560843,India,Uttar Pradesh,2/2/2025,true,6
375,Ddene,Girkin,dgirkinae@hexun.com,8986968899,India,Andhra Pradesh,3/8/2025,true,24
376,Sigismond,Ammer,sammeraf@about.com,2972576846,India,Andhra Pradesh,9/20/2024,false,38
377,Even,Waterfall,ewaterfallag@github.com,4892265874,India,Gujarat,10/24/2024,false,26
378,Dru,Measor,dmeasorah@tripadvisor.com,4325798717,India,Gujarat,6/3/2025,false,5
379,Rosette,Vossing,rvossingai@jugem.jp,9767096415,India,Uttar Pradesh,1/3/2025,true,82
380,Monro,Jodkowski,mjodkowskiaj@webeden.co.uk,3711347562,India,Andhra Pradesh,2/26/2025,false,67
381,Zebadiah,Melrose,zmelroseak@list-manage.com,6629682865,India,Uttar Pradesh,4/22/2025,false,96
382,Chrissie,Christofe,cchristofeal@sciencedirect.com,6996670117,India,Uttar Pradesh,8/27/2024,false,66
383,Bernarr,Fabbri,bfabbriam@theatlantic.com,6212171061,India,Gujarat,12/28/2024,true,71
384,Piper,Burfitt,pburfittan@state.tx.us,5516748676,India,Uttar Pradesh,4/27/2025,false,79
385,Muriel,Jancic,mjancicao@independent.co.uk,3153695797,India,Gujarat,2/27/2025,true,47
386,Eben,Mitroshinov,emitroshinovap@msn.com,3773007872,India,Gujarat,12/19/2024,false,30
387,Brig,Hamill,bhamillaq@biblegateway.com,6654493907,India,Andhra Pradesh,6/23/2025,false,14
388,Kennan,Harmes,kharmesar@bizjournals.com,3859236980,India,Uttar Pradesh,2/10/2025,true,83
389,Gonzalo,Ringsell,gringsellas@elegantthemes.com,1589902101,India,Uttar Pradesh,8/29/2024,false,14
390,Worth,Arderne,warderneat@yale.edu,3708265125,India,Gujarat,4/25/2025,false,62
391,Jessalyn,Clowton,jclowtonau@biblegateway.com,3478469363,India,Andhra Pradesh,6/21/2025,false,2
392,Steffane,Handman,shandmanav@shop-pro.jp,4474357412,India,Andhra Pradesh,5/5/2025,false,7
393,Deloria,Beltzner,dbeltzneraw@digg.com,5032124293,India,Uttar Pradesh,5/28/2025,false,44
394,Alanson,Penman,apenmanax@macromedia.com,4713423765,India,Gujarat,12/6/2024,true,46
395,Douglass,Regan,dreganay@dell.com,4873686691,India,Andhra Pradesh,10/26/2024,false,65
396,Emilie,Chace,echaceaz@naver.com,5685436758,India,Uttar Pradesh,5/23/2025,false,3
397,Dominic,Shimmings,dshimmingsb0@sina.com.cn,5692227804,India,Gujarat,12/8/2024,true,26
398,Brandice,Dewis,bdewisb1@jigsy.com,5684440639,India,Uttar Pradesh,9/29/2024,true,18
399,Reinald,Denning,rdenningb2@nifty.com,9378563390,India,Gujarat,6/10/2025,false,45
400,Gayle,Crimp,gcrimpb3@creativecommons.org,6474916388,India,Uttar Pradesh,8/10/2024,true,28
401,Kermie,Ellingham,kellinghamb4@webnode.com,1776368555,India,Gujarat,12/14/2024,true,35
402,Henderson,Mahady,hmahadyb5@ezinearticles.com,7008423937,India,Uttar Pradesh,4/13/2025,true,82
403,Harris,Rapaport,hrapaportb6@ezinearticles.com,8899561129,India,Gujarat,3/22/2025,true,57
404,Ettore,Gilpin,egilpinb7@census.gov,5409695152,India,Andhra Pradesh,2/7/2025,false,65
405,Walsh,Gawkroge,wgawkrogeb8@usnews.com,3818126642,India,Andhra Pradesh,7/30/2024,false,66
406,Sully,Cosgry,scosgryb9@cnbc.com,7656849228,India,Gujarat,7/7/2025,true,82
407,Jacynth,Stoltz,jstoltzba@gnu.org,7519869966,India,Uttar Pradesh,2/17/2025,true,47
408,Jerri,Drinkale,jdrinkalebb@sourceforge.net,4007874693,India,Gujarat,6/22/2025,false,19
409,Lacee,Aland,lalandbc@mozilla.com,2781453562,India,Uttar Pradesh,10/1/2024,false,88
410,Florenza,Athelstan,fathelstanbd@wix.com,7221837715,India,Gujarat,5/28/2025,true,13
411,Osbourne,Chumley,ochumleybe@timesonline.co.uk,6081671742,India,Gujarat,2/2/2025,false,4
412,Pearline,McEntee,pmcenteebf@dagondesign.com,6704831274,India,Gujarat,7/6/2025,true,3
413,Shandra,Feldheim,sfeldheimbg@yellowbook.com,3964881996,India,Uttar Pradesh,12/30/2024,true,9
414,Wilfrid,Patington,wpatingtonbh@rediff.com,9273840708,India,Uttar Pradesh,1/10/2025,false,20
415,Erich,Antoniou,eantonioubi@latimes.com,4427385470,India,Uttar Pradesh,11/18/2024,false,95
416,Delmar,Marwood,dmarwoodbj@ycombinator.com,4426300236,India,Uttar Pradesh,7/17/2024,false,94
417,Guthrey,Rippon,gripponbk@sciencedirect.com,7438133233,India,Gujarat,7/19/2024,true,63
418,Dewitt,Copas,dcopasbl@liveinternet.ru,4667810389,India,Andhra Pradesh,3/29/2025,true,72
419,Coraline,Lamden,clamdenbm@house.gov,7081361453,India,Gujarat,12/29/2024,true,74
420,Hagen,Brandrick,hbrandrickbn@bbb.org,1792148649,India,Gujarat,5/31/2025,false,88
421,Mavra,Ballendine,mballendinebo@opensource.org,6139501173,India,Uttar Pradesh,8/5/2024,true,6
422,Barr,Ovize,bovizebp@blogger.com,8791055800,India,Gujarat,11/5/2024,true,34
423,Papagena,Cuthill,pcuthillbq@answers.com,2737403836,India,Gujarat,10/12/2024,false,92
424,Joaquin,Freear,jfreearbr@slashdot.org,8594400905,India,Gujarat,9/30/2024,false,74
425,Stormy,Blankhorn,sblankhornbs@hc360.com,6517300569,India,Uttar Pradesh,3/23/2025,false,96
426,Tommy,Extil,textilbt@people.com.cn,6906666195,India,Uttar Pradesh,4/30/2025,false,100
427,Winnifred,Vickerman,wvickermanbu@nasa.gov,8975697383,India,Uttar Pradesh,6/22/2025,true,1
428,Marleah,Eyre,meyrebv@opera.com,9375762554,India,Andhra Pradesh,1/6/2025,false,37
429,Ulric,Simoncello,usimoncellobw@marriott.com,8956978204,India,Uttar Pradesh,1/13/2025,true,82
430,Cori,Hughf,chughfbx@webnode.com,5082032301,India,Andhra Pradesh,10/20/2024,true,30
431,Wilt,Goodnow,wgoodnowby@hostgator.com,7131618104,India,Uttar Pradesh,10/4/2024,false,95
432,Madelene,Hebbes,mhebbesbz@diigo.com,4538001640,India,Andhra Pradesh,11/22/2024,true,49
433,Ellissa,Antyshev,eantyshevc0@netlog.com,6777668817,India,Gujarat,3/10/2025,true,90
434,Jobyna,Corben,jcorbenc1@ebay.com,2372849531,India,Andhra Pradesh,6/5/2025,false,83
435,Dante,Fidian,dfidianc2@un.org,2078940964,India,Gujarat,7/1/2025,true,52
436,Zonnya,Michele,zmichelec3@bandcamp.com,8572198101,India,Uttar Pradesh,8/11/2024,true,43
437,Kimmy,Blakeston,kblakestonc4@noaa.gov,4085221546,India,Gujarat,8/21/2024,false,89
438,Selig,Drewet,sdrewetc5@hexun.com,7299449854,India,Uttar Pradesh,11/14/2024,true,62
439,Anthe,Gantz,agantzc6@blogtalkradio.com,6767312440,India,Andhra Pradesh,8/6/2024,true,13
440,Mathian,Bentote,mbentotec7@berkeley.edu,4768705210,India,Gujarat,1/14/2025,true,15
441,Darius,Picheford,dpichefordc8@cnbc.com,3635026791,India,Gujarat,2/18/2025,true,66
442,Antonella,Dallicott,adallicottc9@vinaora.com,2896411090,India,Uttar Pradesh,6/2/2025,true,44
443,Bill,Ganter,bganterca@usatoday.com,8076620471,India,Gujarat,10/31/2024,false,87
444,Pamelina,Forsyde,pforsydecb@chron.com,2066485483,India,Uttar Pradesh,12/19/2024,false,37
445,Dur,Fozzard,dfozzardcc@amazon.co.jp,1635207919,India,Gujarat,8/13/2024,false,52
446,Heindrick,Ballard,hballardcd@mapquest.com,5534496296,India,Gujarat,3/3/2025,true,37
447,Albertine,Farron,afarronce@seattletimes.com,5373840280,India,Uttar Pradesh,3/15/2025,false,76
448,Lucian,Bartolomeotti,lbartolomeotticf@utexas.edu,5871897023,India,Gujarat,2/22/2025,true,72
449,Charles,Bachmann,cbachmanncg@wsj.com,7042683923,India,Uttar Pradesh,6/18/2025,false,59
450,Leshia,Ludron,lludronch@gizmodo.com,1429128662,India,Andhra Pradesh,1/9/2025,false,48
451,Pet,Selkirk,pselkirkci@wunderground.com,7057604375,India,Andhra Pradesh,5/17/2025,false,93
452,Toddy,MacWhirter,tmacwhirtercj@furl.net,9469738443,India,Andhra Pradesh,8/15/2024,true,60
453,Clementia,Negro,cnegrock@lycos.com,9273376203,India,Andhra Pradesh,5/15/2025,false,83
454,Dav,Gonet,dgonetcl@google.pl,9704791450,India,Uttar Pradesh,4/15/2025,false,19
455,Roth,Baird,rbairdcm@de.vu,2474887073,India,Gujarat,4/16/2025,false,55
456,Teddy,Tideswell,ttideswellcn@moonfruit.com,1788222305,India,Gujarat,5/20/2025,true,44
457,Vernen,Dukes,vdukesco@arstechnica.com,4675995189,India,Gujarat,1/1/2025,false,4
458,Archambault,Longo,alongocp@shop-pro.jp,7311387165,India,Uttar Pradesh,5/19/2025,true,33
459,Natividad,Gunther,ngunthercq@acquirethisname.com,3173363682,India,Gujarat,12/2/2024,false,23
460,Sayres,d'Escoffier,sdescoffiercr@soundcloud.com,1144467070,India,Gujarat,10/2/2024,true,60
461,Christal,Davidge,cdavidgecs@tuttocitta.it,3706870326,India,Gujarat,7/25/2024,false,53
462,Carol,Allsop,callsopct@webmd.com,3144072992,India,Andhra Pradesh,7/12/2024,false,65
463,Whitby,Chesters,wchesterscu@tmall.com,3018377399,India,Gujarat,6/30/2025,false,62
464,Vanda,Cookman,vcookmancv@jiathis.com,3496540751,India,Andhra Pradesh,11/6/2024,false,4
465,Sibilla,Harget,shargetcw@google.com.au,6845372072,India,Andhra Pradesh,12/4/2024,true,40
466,Tansy,Dyer,tdyercx@tinyurl.com,1422837486,India,Uttar Pradesh,6/22/2025,false,73
467,Janetta,Chedzoy,jchedzoycy@people.com.cn,6021408596,India,Gujarat,4/11/2025,true,16
468,Tonya,Boxell,tboxellcz@discuz.net,9243415531,India,Andhra Pradesh,5/6/2025,false,96
469,Maryjane,Hexam,mhexamd0@hc360.com,8015329588,India,Andhra Pradesh,6/25/2025,false,90
470,Itch,Kearsley,ikearsleyd1@google.ca,1994412635,India,Uttar Pradesh,1/17/2025,false,14
471,Meier,Lembrick,mlembrickd2@youku.com,9412216234,India,Gujarat,6/2/2025,false,7
472,Tiertza,Galier,tgalierd3@ft.com,7021738674,India,Andhra Pradesh,7/26/2024,true,80
473,Karel,Arch,karchd4@163.com,3854922134,India,Gujarat,1/29/2025,false,10
474,Rianon,Maiden,rmaidend5@nature.com,6805490541,India,Uttar Pradesh,4/7/2025,false,88
475,Rees,Vitet,rvitetd6@eventbrite.com,9608805441,India,Uttar Pradesh,5/9/2025,false,93
476,Lorenzo,Ibert,libertd7@howstuffworks.com,3571006489,India,Andhra Pradesh,9/22/2024,true,4
477,Kelbee,Isitt,kisittd8@epa.gov,2683757645,India,Uttar Pradesh,8/8/2024,true,38
478,Oliver,Fellow,ofellowd9@drupal.org,9114046111,India,Andhra Pradesh,12/14/2024,false,7
479,Wait,Illsley,willsleyda@cargocollective.com,3156043485,India,Gujarat,9/25/2024,true,2
480,Michal,Logue,mloguedb@timesonline.co.uk,8856742931,India,Andhra Pradesh,2/15/2025,false,6
481,Christal,Spurden,cspurdendc@mapquest.com,5122616806,India,Gujarat,11/30/2024,true,78
482,Yolane,Bannard,ybannarddd@elpais.com,7785236738,India,Uttar Pradesh,4/26/2025,true,96
483,Everard,Foulgham,efoulghamde@yahoo.co.jp,2217481863,India,Andhra Pradesh,12/23/2024,false,9
484,Ashla,Edgeley,aedgeleydf@vimeo.com,8076721454,India,Uttar Pradesh,6/6/2025,false,55
485,Sonya,Stonman,sstonmandg@google.com.hk,5187988371,India,Andhra Pradesh,3/16/2025,true,91
486,Berny,Oddey,boddeydh@stanford.edu,7537102421,India,Andhra Pradesh,7/3/2025,false,59
487,Ansell,Zuanazzi,azuanazzidi@purevolume.com,3316961513,India,Andhra Pradesh,6/10/2025,true,51
488,Cornela,Getcliff,cgetcliffdj@columbia.edu,7308251054,India,Uttar Pradesh,5/1/2025,true,27
489,Barrie,Dugdale,bdugdaledk@ihg.com,2369021476,India,Gujarat,3/10/2025,true,97
490,Brigham,Rigbye,brigbyedl@engadget.com,4784361700,India,Uttar Pradesh,6/6/2025,true,11
491,Terri-jo,Abramsky,tabramskydm@cyberchimps.com,4131613903,India,Gujarat,10/14/2024,true,42
492,Brian,Burnell,bburnelldn@free.fr,5109240873,India,Gujarat,3/24/2025,true,65
493,Carena,Pestor,cpestordo@merriam-webster.com,9095389758,India,Gujarat,11/1/2024,false,35
494,Maris,Coyne,mcoynedp@stumbleupon.com,3477591429,India,Uttar Pradesh,4/26/2025,false,6
495,Scotty,Wogan,swogandq@wired.com,8002167133,India,Uttar Pradesh,8/22/2024,true,41
496,Simeon,Chittie,schittiedr@nba.com,1736429043,India,Gujarat,1/7/2025,false,50
497,Sigfrid,Knott,sknottds@i2i.jp,7119723852,India,Uttar Pradesh,8/21/2024,false,61
498,Arvy,Lesly,aleslydt@wikia.com,5666642933,India,Andhra Pradesh,2/14/2025,false,89
499,Ariana,Naulty,anaultydu@histats.com,1111135624,India,Andhra Pradesh,10/20/2024,true,11
500,Hyacinthia,Kirkhouse,hkirkhousedv@guardian.co.uk,7254435568,India,Uttar Pradesh,9/27/2024,false,26
501,Thorny,Orae,toraedw@mediafire.com,5314503070,India,Andhra Pradesh,4/20/2025,true,21
502,Zsazsa,Chappell,zchappelldx@biglobe.ne.jp,2054994376,India,Uttar Pradesh,2/25/2025,false,34
503,Coralie,Elmes,celmesdy@wikimedia.org,2482142794,India,Uttar Pradesh,10/5/2024,false,55
504,Vonny,Toderbrugge,vtoderbruggedz@facebook.com,2121136301,India,Uttar Pradesh,4/23/2025,true,79
505,Yard,Thrustle,ythrustlee0@hexun.com,5701942232,India,Andhra Pradesh,4/6/2025,false,87
506,Evy,Wardington,ewardingtone1@xinhuanet.com,1946719030,India,Andhra Pradesh,5/31/2025,false,36
507,Eugenie,Markussen,emarkussene2@newyorker.com,1255470968,India,Andhra Pradesh,8/23/2024,false,47
508,Helen-elizabeth,Lagen,hlagene3@boston.com,4501139806,India,Uttar Pradesh,10/28/2024,false,6
509,Jackquelin,Haley,jhaleye4@phpbb.com,7389991727,India,Andhra Pradesh,10/21/2024,true,54
510,Kristofer,Lampen,klampene5@twitpic.com,2545879263,India,Andhra Pradesh,4/1/2025,true,47
511,Evangelina,Gotcliff,egotcliffe6@creativecommons.org,4057301754,India,Uttar Pradesh,4/18/2025,true,44
512,Collin,Anwyl,canwyle7@oaic.gov.au,6799081893,India,Andhra Pradesh,5/2/2025,false,96
513,Sol,Van Hove,svanhovee8@infoseek.co.jp,3295543994,India,Andhra Pradesh,12/13/2024,true,32
514,Laverne,Hatcher,lhatchere9@desdev.cn,4262580777,India,Uttar Pradesh,1/27/2025,false,35
515,Cory,Husband,chusbandea@umn.edu,8877191929,India,Andhra Pradesh,11/20/2024,false,29
516,Markus,Vautre,mvautreeb@fema.gov,5829358697,India,Uttar Pradesh,4/5/2025,false,15
517,Babb,Stapford,bstapfordec@ucoz.ru,6323449011,India,Uttar Pradesh,4/16/2025,false,17
518,Marlin,Haeslier,mhaesliered@xrea.com,1984011818,India,Gujarat,6/23/2025,false,1
519,Horace,Ferrara,hferraraee@virginia.edu,5205765059,India,Andhra Pradesh,5/31/2025,true,62
520,Donnajean,Epple,deppleef@discovery.com,6918429366,India,Andhra Pradesh,11/7/2024,true,85
521,Sela,Hayden,shaydeneg@ycombinator.com,8506423329,India,Uttar Pradesh,9/1/2024,true,58
522,Reuben,Nolda,rnoldaeh@upenn.edu,7476958987,India,Uttar Pradesh,1/5/2025,false,87
523,Emlyn,Kermannes,ekermannesei@cmu.edu,6355194992,India,Gujarat,12/10/2024,false,60
524,Wolfy,Colthurst,wcolthurstej@google.com.au,1658994203,India,Andhra Pradesh,6/27/2025,false,30
525,Bastian,Arzu,barzuek@hhs.gov,1591199169,India,Uttar Pradesh,12/7/2024,false,47
526,Beryle,Deniske,bdeniskeel@nasa.gov,3452638604,India,Andhra Pradesh,9/17/2024,true,45
527,Deni,Draude,ddraudeem@dell.com,5186914685,India,Andhra Pradesh,9/11/2024,true,78
528,Giselbert,Larcier,glarcieren@uiuc.edu,9321454210,India,Andhra Pradesh,1/2/2025,true,10
529,Eldon,Pridding,epriddingeo@parallels.com,1836709823,India,Uttar Pradesh,1/13/2025,true,1
530,Shayne,Crossfeld,scrossfeldep@chron.com,8176267112,India,Andhra Pradesh,8/31/2024,false,65
531,Lennie,Le Barre,llebarreeq@google.co.uk,1761933794,India,Uttar Pradesh,2/17/2025,false,12
532,Pyotr,Songust,psonguster@accuweather.com,6168227443,India,Andhra Pradesh,7/9/2024,false,17
533,Cristine,Ketch,cketches@aol.com,1401466465,India,Andhra Pradesh,11/23/2024,true,1
534,Chariot,Salt,csaltet@independent.co.uk,9472026396,India,Gujarat,5/3/2025,false,57
535,Dennet,Slewcock,dslewcockeu@google.com.hk,9681685370,India,Andhra Pradesh,9/17/2024,false,9
536,Fanchon,Dulanty,fdulantyev@smugmug.com,9341500449,India,Andhra Pradesh,4/13/2025,true,21
537,Arlen,Slimon,aslimonew@cbslocal.com,3685682179,India,Gujarat,7/15/2024,true,13
538,Pansy,Barajaz,pbarajazex@admin.ch,7725514130,India,Andhra Pradesh,3/14/2025,false,95
539,Aldin,Uttermare,auttermareey@merriam-webster.com,8321889164,India,Andhra Pradesh,9/28/2024,true,83
540,Massimo,Steadman,msteadmanez@huffingtonpost.com,7491728278,India,Andhra Pradesh,11/5/2024,false,33
541,Max,Livock,mlivockf0@people.com.cn,1773940317,India,Gujarat,1/5/2025,false,32
542,Lilian,Timbrell,ltimbrellf1@rambler.ru,4707849181,India,Andhra Pradesh,3/10/2025,true,6
543,Kristofer,Oldacre,koldacref2@apache.org,8179492254,India,Andhra Pradesh,1/15/2025,true,69
544,Bridget,Stallworth,bstallworthf3@example.com,7217853131,India,Andhra Pradesh,6/7/2025,true,29
545,Stephana,Jellett,sjellettf4@sakura.ne.jp,5417922214,India,Gujarat,3/14/2025,true,8
546,Christoforo,Shutler,cshutlerf5@sina.com.cn,3692475794,India,Gujarat,8/10/2024,true,23
547,Selene,Rimmington,srimmingtonf6@ocn.ne.jp,6969998475,India,Gujarat,8/23/2024,false,24
548,Olly,Stockney,ostockneyf7@zimbio.com,9369696112,India,Uttar Pradesh,3/28/2025,true,17
549,Bernete,Tremblett,btremblettf8@prnewswire.com,4635139690,India,Uttar Pradesh,11/3/2024,true,35
550,Sheryl,Setford,ssetfordf9@behance.net,1204827323,India,Gujarat,12/19/2024,true,66
551,Staford,Tirrey,stirreyfa@time.com,5678370451,India,Uttar Pradesh,5/9/2025,false,46
552,Fabiano,Rubrow,frubrowfb@jalbum.net,7239245175,India,Gujarat,4/18/2025,true,96
553,Bonita,Tregido,btregidofc@google.com,6884236204,India,Uttar Pradesh,9/3/2024,false,73
554,Merissa,Weston,mwestonfd@shareasale.com,9352512046,India,Andhra Pradesh,1/3/2025,false,47
555,Sam,Tabourin,stabourinfe@utexas.edu,4971597286,India,Gujarat,1/9/2025,true,29
556,Thaine,Valintine,tvalintineff@cdc.gov,8575747330,India,Uttar Pradesh,11/30/2024,true,68
557,Herta,Sher,hsherfg@harvard.edu,6135651632,India,Gujarat,8/17/2024,false,2
558,Lucy,Alessandretti,lalessandrettifh@tuttocitta.it,3583510830,India,Gujarat,9/3/2024,false,3
559,Bryce,Burne,bburnefi@dagondesign.com,2756847658,India,Andhra Pradesh,2/22/2025,false,71
560,Esme,Dybald,edybaldfj@globo.com,1864267726,India,Uttar Pradesh,11/22/2024,false,74
561,Emanuel,Guido,eguidofk@phoca.cz,3211618096,India,Uttar Pradesh,5/7/2025,false,53
562,Aldrich,Antonioni,aantonionifl@phpbb.com,5429910216,India,Uttar Pradesh,6/18/2025,true,23
563,Stevy,Quarmby,squarmbyfm@upenn.edu,2866750830,India,Gujarat,4/8/2025,true,6
564,Alexandr,Plumstead,aplumsteadfn@si.edu,7921606107,India,Andhra Pradesh,11/20/2024,true,55
565,Genna,Syddon,gsyddonfo@so-net.ne.jp,3553015281,India,Andhra Pradesh,5/5/2025,false,71
566,Randie,Broyd,rbroydfp@w3.org,1232919167,India,Andhra Pradesh,6/15/2025,false,55
567,Davida,Van Der Walt,dvanderwaltfq@salon.com,4406214363,India,Gujarat,9/30/2024,true,34
568,Thomas,Eyre,teyrefr@feedburner.com,8987999394,India,Uttar Pradesh,8/25/2024,false,56
569,Reginauld,Burmaster,rburmasterfs@alibaba.com,5633831556,India,Uttar Pradesh,9/16/2024,false,52
570,Meggie,Yerborn,myerbornft@house.gov,2397277097,India,Andhra Pradesh,4/3/2025,true,21
571,Demetris,Lount,dlountfu@about.com,3015631707,India,Gujarat,11/29/2024,true,67
572,Elwira,Rooze,eroozefv@army.mil,4815071641,India,Gujarat,8/10/2024,false,6
573,Celestyn,Krauss,ckraussfw@ocn.ne.jp,6603767599,India,Uttar Pradesh,12/23/2024,true,55
574,Elvera,Rabbitt,erabbittfx@posterous.com,7877212770,India,Andhra Pradesh,3/24/2025,true,59
575,Ayn,Follows,afollowsfy@xrea.com,6264755184,India,Andhra Pradesh,3/21/2025,true,30
576,Cammie,Houndson,choundsonfz@mayoclinic.com,9479681342,India,Gujarat,3/22/2025,false,64
577,Devin,Frenchum,dfrenchumg0@unblog.fr,5844720193,India,Uttar Pradesh,9/7/2024,false,35
578,Gertie,Ricard,gricardg1@java.com,1833267862,India,Andhra Pradesh,11/20/2024,false,7
579,Sayre,Rickards,srickardsg2@yahoo.co.jp,7398068348,India,Gujarat,6/8/2025,true,2
580,Allys,Farrey,afarreyg3@dailymotion.com,5512194162,India,Andhra Pradesh,2/6/2025,true,80
581,Shermie,Britnell,sbritnellg4@salon.com,6502769061,India,Andhra Pradesh,6/18/2025,true,2
582,Alister,Kristoffersen,akristofferseng5@storify.com,6708658817,India,Andhra Pradesh,11/2/2024,false,56
583,Gerrard,Chesman,gchesmang6@webs.com,1531465473,India,Andhra Pradesh,3/18/2025,false,7
584,Sherwood,Scoffins,sscoffinsg7@princeton.edu,7486739084,India,Andhra Pradesh,6/15/2025,false,96
585,Austina,Stittle,astittleg8@spiegel.de,1566733107,India,Uttar Pradesh,9/11/2024,true,68
586,Imelda,Malan,imalang9@dyndns.org,2877494622,India,Gujarat,11/23/2024,false,74
587,Lewes,Oakenfield,loakenfieldga@hud.gov,9986286800,India,Gujarat,1/29/2025,false,98
588,Val,Pawelski,vpawelskigb@fc2.com,3148097032,India,Andhra Pradesh,12/26/2024,false,94
589,Melisse,Stedmond,mstedmondgc@stanford.edu,2409102798,India,Uttar Pradesh,5/1/2025,false,4
590,Xylia,Pietrzyk,xpietrzykgd@bloomberg.com,2507956138,India,Gujarat,5/10/2025,true,53
591,Darnall,Christoffersen,dchristoffersenge@answers.com,1324472793,India,Uttar Pradesh,12/3/2024,true,73
592,Averyl,Wivell,awivellgf@hao123.com,6909730872,India,Uttar Pradesh,1/26/2025,true,62
593,Case,Hebborne,chebbornegg@com.com,6303441120,India,Gujarat,1/6/2025,false,42
594,Jimmie,Hoodlass,jhoodlassgh@vimeo.com,7424015155,India,Uttar Pradesh,5/4/2025,false,12
595,Bunny,Haddrell,bhaddrellgi@xinhuanet.com,8251166862,India,Uttar Pradesh,9/9/2024,false,69
596,Gloriane,Embery,gemberygj@bbc.co.uk,5863898707,India,Andhra Pradesh,8/27/2024,true,1
597,Nelson,Hawkett,nhawkettgk@elpais.com,3499253996,India,Gujarat,9/6/2024,false,59
598,Belinda,Rubinovitsch,brubinovitschgl@ning.com,1207742398,India,Gujarat,12/12/2024,true,28
599,Josselyn,Laurens,jlaurensgm@freewebs.com,8006363302,India,Andhra Pradesh,8/17/2024,false,23
600,Sigfried,Iiannone,siiannonegn@posterous.com,3144133990,India,Uttar Pradesh,6/6/2025,true,68
601,Clarice,Zuppa,czuppago@infoseek.co.jp,8543005208,India,Gujarat,10/20/2024,true,87
602,Gare,Bauduccio,gbauducciogp@tinyurl.com,9787725888,India,Gujarat,6/27/2025,true,28
603,Jeanine,Thorwarth,jthorwarthgq@patch.com,3914113107,India,Uttar Pradesh,12/9/2024,true,77
604,Drusilla,Crehan,dcrehangr@nymag.com,9331001801,India,Andhra Pradesh,6/14/2025,false,79
605,Aloisia,Snelling,asnellinggs@gizmodo.com,5062707014,India,Andhra Pradesh,10/19/2024,true,48
606,Kaitlynn,Lismore,klismoregt@home.pl,6819261659,India,Andhra Pradesh,5/3/2025,true,93
607,Anson,Durie,aduriegu@china.com.cn,9271498118,India,Andhra Pradesh,1/18/2025,false,6
608,Joan,Martyn,jmartyngv@admin.ch,8012917819,India,Andhra Pradesh,9/10/2024,false,14
609,Ruperta,Conman,rconmangw@bbc.co.uk,5481765287,India,Uttar Pradesh,10/21/2024,true,84
610,Fernandina,Harmstone,fharmstonegx@cloudflare.com,5816606790,India,Andhra Pradesh,8/27/2024,false,79
611,Anastasia,Dusting,adustinggy@privacy.gov.au,8899553538,India,Gujarat,4/30/2025,true,49
612,Gwynne,Kulver,gkulvergz@prlog.org,8539244302,India,Uttar Pradesh,8/6/2024,true,41
613,Nelli,Hertwell,nhertwellh0@cisco.com,5394401252,India,Andhra Pradesh,4/18/2025,true,51
614,Cathrin,Fomichkin,cfomichkinh1@skype.com,8418057760,India,Uttar Pradesh,9/13/2024,false,65
615,Melisse,Cowey,mcoweyh2@ezinearticles.com,1424750150,India,Uttar Pradesh,7/28/2024,false,50
616,Sephira,Sancto,ssanctoh3@angelfire.com,9383829888,India,Uttar Pradesh,1/31/2025,true,41
617,Jobina,Lelande,jlelandeh4@illinois.edu,7724087526,India,Gujarat,12/20/2024,false,54
618,Thia,Betancourt,tbetancourth5@state.gov,9235058440,India,Uttar Pradesh,8/12/2024,false,17
619,Val,Myhill,vmyhillh6@nydailynews.com,5103488294,India,Andhra Pradesh,6/8/2025,false,4
620,Randal,Golbourn,rgolbournh7@rambler.ru,3152450221,India,Andhra Pradesh,6/7/2025,false,86
621,Alissa,Heersma,aheersmah8@acquirethisname.com,3888423346,India,Andhra Pradesh,10/1/2024,true,23
622,Leilah,Eastwell,leastwellh9@usa.gov,7914385776,India,Andhra Pradesh,3/7/2025,true,70
623,Benedikt,Balser,bbalserha@amazonaws.com,9383107683,India,Gujarat,9/28/2024,true,62
624,Yulma,Stegel,ystegelhb@photobucket.com,7386953440,India,Uttar Pradesh,4/16/2025,true,66
625,Marve,Gostyke,mgostykehc@gov.uk,2955626415,India,Uttar Pradesh,10/18/2024,true,14
626,Janetta,Aburrow,jaburrowhd@wikimedia.org,3803247821,India,Andhra Pradesh,12/11/2024,false,63
627,Eugine,Dunsmuir,edunsmuirhe@wp.com,2128342439,India,Uttar Pradesh,6/7/2025,true,70
628,Guinevere,Emanson,gemansonhf@dell.com,7981076931,India,Andhra Pradesh,3/18/2025,true,42
629,Dulcea,Harhoff,dharhoffhg@weather.com,9564730052,India,Uttar Pradesh,8/18/2024,false,88
630,Deina,Jenik,djenikhh@google.nl,4357264334,India,Uttar Pradesh,2/22/2025,true,40
631,Lyn,Wrout,lwrouthi@mysql.com,9152473983,India,Gujarat,6/21/2025,true,41
632,Rebeca,Freake,rfreakehj@goo.gl,3184635907,India,Uttar Pradesh,7/18/2024,false,32
633,Enrichetta,Dulany,edulanyhk@linkedin.com,6511557021,India,Gujarat,6/12/2025,false,26
634,Lamond,Grunson,lgrunsonhl@scribd.com,7127522478,India,Andhra Pradesh,8/30/2024,true,52
635,Jeannie,Lefridge,jlefridgehm@bloglines.com,2386337049,India,Andhra Pradesh,2/9/2025,true,98
636,Chrystel,Clapson,cclapsonhn@opera.com,9567341109,India,Andhra Pradesh,9/7/2024,false,1
637,Charlean,Harrell,charrellho@com.com,1175246557,India,Andhra Pradesh,10/5/2024,false,64
638,Swen,Saurin,ssaurinhp@youtu.be,7132972691,India,Andhra Pradesh,10/25/2024,true,57
639,Mil,Buckell,mbuckellhq@joomla.org,7119497186,India,Gujarat,6/11/2025,false,49
640,Pepita,Kupke,pkupkehr@theatlantic.com,8478834953,India,Gujarat,2/2/2025,true,30
641,Cassaundra,Douthwaite,cdouthwaitehs@histats.com,7389270344,India,Gujarat,7/1/2025,false,71
642,Karlan,Chopin,kchopinht@samsung.com,3724656060,India,Uttar Pradesh,8/4/2024,true,73
643,Chicky,McLugaish,cmclugaishhu@i2i.jp,3011457699,India,Gujarat,4/14/2025,true,29
644,Karel,Koenraad,kkoenraadhv@berkeley.edu,7608791971,India,Andhra Pradesh,10/26/2024,false,38
645,Sarine,Shermar,sshermarhw@sun.com,3249174541,India,Uttar Pradesh,4/21/2025,true,80
646,Bobbee,Wensley,bwensleyhx@linkedin.com,1126401857,India,Uttar Pradesh,12/1/2024,true,10
647,Melosa,Heine,mheinehy@jigsy.com,4717926328,India,Andhra Pradesh,5/21/2025,false,26
648,Hyatt,McAlinden,hmcalindenhz@artisteer.com,3493660374,India,Gujarat,5/19/2025,false,29
649,Ronny,Geraudel,rgeraudeli0@simplemachines.org,4595681455,India,Uttar Pradesh,10/19/2024,true,20
650,Nickie,Hambidge,nhambidgei1@unc.edu,8341705068,India,Gujarat,4/15/2025,true,37
651,Tedie,Pandie,tpandiei2@eventbrite.com,4058266580,India,Uttar Pradesh,1/23/2025,true,1
652,Tish,Dictus,tdictusi3@wiley.com,3561624381,India,Gujarat,5/8/2025,true,43
653,Cherise,Burbridge,cburbridgei4@time.com,1579082138,India,Andhra Pradesh,9/8/2024,false,25
654,Harli,Fonquernie,hfonquerniei5@wsj.com,2423257935,India,Uttar Pradesh,7/16/2024,false,8
655,Fleming,McIllroy,fmcillroyi6@github.io,9717467327,India,Gujarat,2/27/2025,true,60
656,Mirella,Wyon,mwyoni7@wufoo.com,8339155813,India,Andhra Pradesh,2/3/2025,true,50
657,Sidonnie,Guwer,sguweri8@so-net.ne.jp,4415447042,India,Uttar Pradesh,12/26/2024,true,47
658,Travus,Bedenham,tbedenhami9@cbc.ca,4437503133,India,Gujarat,10/25/2024,true,27
659,Borden,MacLese,bmacleseia@fastcompany.com,7555795174,India,Andhra Pradesh,5/9/2025,false,69
660,Reynolds,Aubry,raubryib@i2i.jp,8738071767,India,Uttar Pradesh,3/12/2025,false,99
661,Orville,Frazer,ofrazeric@slideshare.net,7964020928,India,Uttar Pradesh,11/28/2024,true,2
662,Edouard,Sullly,esulllyid@barnesandnoble.com,9858456777,India,Andhra Pradesh,5/31/2025,true,65
663,Vinni,Dupre,vdupreie@reverbnation.com,4245555616,India,Gujarat,8/19/2024,true,51
664,Dorise,Wraggs,dwraggsif@twitter.com,8564148077,India,Andhra Pradesh,7/30/2024,false,4
665,Deerdre,Blessed,dblessedig@blogger.com,9829679256,India,Uttar Pradesh,11/6/2024,true,44
666,Irvin,Banyard,ibanyardih@amazon.com,1596802518,India,Uttar Pradesh,10/22/2024,false,52
667,Temp,Elfe,telfeii@1688.com,3576831160,India,Uttar Pradesh,3/8/2025,false,94
668,Harmony,Rouff,hrouffij@wired.com,9434707024,India,Gujarat,2/9/2025,false,65
669,Brooke,Furtado,bfurtadoik@sitemeter.com,4771855790,India,Uttar Pradesh,2/9/2025,false,85
670,Bessie,Greeson,bgreesonil@sun.com,6874528364,India,Andhra Pradesh,6/28/2025,false,98
671,Wallie,Rudall,wrudallim@mozilla.org,8783106515,India,Gujarat,12/27/2024,false,19
672,Perice,Shingfield,pshingfieldin@engadget.com,7774307897,India,Andhra Pradesh,3/24/2025,false,8
673,Rania,Tofano,rtofanoio@elpais.com,8857148397,India,Gujarat,10/29/2024,false,78
674,Fanny,Friman,ffrimanip@shinystat.com,2631370303,India,Andhra Pradesh,6/14/2025,true,100
675,Rea,Maruszewski,rmaruszewskiiq@redcross.org,8043220064,India,Andhra Pradesh,3/14/2025,true,36
676,Ezri,Scurrey,escurreyir@godaddy.com,6724026503,India,Uttar Pradesh,9/20/2024,true,98
677,Jecho,Ricciardi,jricciardiis@goodreads.com,8489770801,India,Uttar Pradesh,10/23/2024,false,24
678,Franni,Amesbury,famesburyit@merriam-webster.com,5248994380,India,Uttar Pradesh,9/30/2024,true,49
679,Rickard,Windle,rwindleiu@harvard.edu,9782902780,India,Gujarat,12/14/2024,true,91
680,Helena,Benning,hbenningiv@bluehost.com,3595131185,India,Andhra Pradesh,3/21/2025,true,46
681,Nick,Morby,nmorbyiw@berkeley.edu,2148413806,India,Gujarat,1/27/2025,true,23
682,Evonne,Niece,enieceix@dion.ne.jp,9807706942,India,Andhra Pradesh,5/23/2025,false,7
683,Mirelle,Goodger,mgoodgeriy@reverbnation.com,4668040010,India,Uttar Pradesh,8/7/2024,false,50
684,Ofella,Haeslier,ohaeslieriz@google.cn,6985683302,India,Andhra Pradesh,7/16/2024,true,9
685,Eugenie,Outright,eoutrightj0@ovh.net,2626438508,India,Gujarat,3/10/2025,true,37
686,Paten,Reddecliffe,preddecliffej1@dell.com,1906777216,India,Uttar Pradesh,6/24/2025,false,40
687,Liv,Sutty,lsuttyj2@weebly.com,3779598473,India,Andhra Pradesh,2/24/2025,true,26
688,Theobald,Bohan,tbohanj3@free.fr,7791087772,India,Uttar Pradesh,12/6/2024,true,31
689,Sula,Pegden,spegdenj4@noaa.gov,7725634510,India,Uttar Pradesh,3/21/2025,false,70
690,Lynne,Glaysher,lglaysherj5@qq.com,1514931446,India,Gujarat,12/17/2024,true,89
691,Noelani,Bydaway,nbydawayj6@dropbox.com,6996849629,India,Gujarat,5/15/2025,false,38
692,Hollyanne,O'Doireidh,hodoireidhj7@technorati.com,4066679476,India,Uttar Pradesh,10/30/2024,true,16
693,Alane,Desport,adesportj8@spotify.com,6925217421,India,Uttar Pradesh,2/21/2025,true,31
694,Prentiss,Maren,pmarenj9@domainmarket.com,4191170908,India,Uttar Pradesh,2/19/2025,true,94
695,Desdemona,Oxford,doxfordja@comsenz.com,2654342458,India,Gujarat,1/19/2025,true,30
696,Aubrette,Bithany,abithanyjb@hhs.gov,7507403262,India,Andhra Pradesh,6/28/2025,true,85
697,Josie,Machent,jmachentjc@newyorker.com,3007647440,India,Gujarat,5/26/2025,true,8
698,Leila,Rulten,lrultenjd@google.pl,5549628943,India,Andhra Pradesh,12/28/2024,false,61
699,Norene,Sircomb,nsircombje@soundcloud.com,4918441030,India,Uttar Pradesh,12/22/2024,true,71
700,Susan,Goutcher,sgoutcherjf@istockphoto.com,2048393577,India,Uttar Pradesh,3/25/2025,true,64
701,Felizio,Poulter,fpoulterjg@surveymonkey.com,3486961197,India,Gujarat,4/20/2025,true,40
702,Bel,Pardon,bpardonjh@google.fr,6892931899,India,Gujarat,8/13/2024,true,88
703,Gonzalo,Peerless,gpeerlessji@parallels.com,7584599228,India,Andhra Pradesh,2/15/2025,true,85
704,Kimberley,Knutton,kknuttonjj@shutterfly.com,4922068281,India,Gujarat,11/8/2024,false,89
705,Umberto,Lidington,ulidingtonjk@ameblo.jp,4192510658,India,Andhra Pradesh,5/30/2025,true,31
706,Marguerite,LeEstut,mleestutjl@auda.org.au,7832992178,India,Gujarat,2/20/2025,true,95
707,Rowena,Haggis,rhaggisjm@imdb.com,9017194189,India,Gujarat,1/14/2025,false,14
708,Carce,Zupone,czuponejn@blogger.com,3238393249,India,Gujarat,7/5/2025,true,100
709,Catharina,Shambrook,cshambrookjo@kickstarter.com,3689687285,India,Andhra Pradesh,5/7/2025,true,44
710,Dolph,Piotrowski,dpiotrowskijp@chron.com,5693786174,India,Gujarat,6/16/2025,false,31
711,Mil,Jauncey,mjaunceyjq@cargocollective.com,9324830102,India,Gujarat,12/2/2024,false,34
712,Yorgo,Treble,ytreblejr@amazon.com,5334929077,India,Uttar Pradesh,4/18/2025,true,82
713,Lawrence,Lidgate,llidgatejs@barnesandnoble.com,6613341362,India,Gujarat,12/1/2024,true,74
714,Arne,Ridout,aridoutjt@eepurl.com,3475340780,India,Uttar Pradesh,9/27/2024,true,55
715,Carolan,Gavrielli,cgavrielliju@sbwire.com,9077280531,India,Uttar Pradesh,7/22/2024,true,7
716,Borden,Plester,bplesterjv@noaa.gov,5472170795,India,Andhra Pradesh,9/26/2024,true,72
717,Carleen,Broadberry,cbroadberryjw@cdc.gov,6316035588,India,Uttar Pradesh,3/17/2025,false,19
718,Melody,Gannon,mgannonjx@bloglovin.com,4802978021,India,Andhra Pradesh,8/6/2024,true,75
719,Ignaz,Robardey,irobardeyjy@noaa.gov,4746042183,India,Gujarat,11/8/2024,true,38
720,Katha,McAvinchey,kmcavincheyjz@soup.io,5487127765,India,Andhra Pradesh,9/6/2024,true,79
721,Greer,Davey,gdaveyk0@narod.ru,9128410458,India,Gujarat,5/4/2025,true,95
722,Garvin,Cranny,gcrannyk1@ask.com,5151291107,India,Uttar Pradesh,11/7/2024,false,90
723,Garvin,Thynn,gthynnk2@t-online.de,4363556610,India,Gujarat,4/8/2025,true,69
724,Lorry,Jiggle,ljigglek3@jigsy.com,7864622414,India,Andhra Pradesh,4/21/2025,true,66
725,Sherwood,Mabbe,smabbek4@ameblo.jp,9475692127,India,Andhra Pradesh,6/29/2025,false,16
726,Emily,Halgarth,ehalgarthk5@si.edu,4587967279,India,Uttar Pradesh,4/10/2025,true,53
727,Cord,Mingasson,cmingassonk6@google.es,6386581368,India,Gujarat,2/8/2025,false,88
728,Colette,Jerzak,cjerzakk7@xing.com,6865606425,India,Andhra Pradesh,9/13/2024,true,39
729,Tarra,Pleass,tpleassk8@wikipedia.org,6344474168,India,Gujarat,11/11/2024,true,41
730,Aggie,Humpage,ahumpagek9@nih.gov,5004297152,India,Uttar Pradesh,2/16/2025,false,48
731,Tana,Lorimer,tlorimerka@fastcompany.com,8471070658,India,Gujarat,5/20/2025,true,25
732,Kendra,Pentercost,kpentercostkb@webeden.co.uk,2467951727,India,Gujarat,7/17/2024,true,50
733,Nickolas,Bretland,nbretlandkc@imgur.com,1431842873,India,Andhra Pradesh,12/22/2024,true,16
734,Beverie,Hulkes,bhulkeskd@xinhuanet.com,5279982817,India,Gujarat,5/29/2025,true,80
735,Christoph,Jakeman,cjakemanke@redcross.org,6471881416,India,Uttar Pradesh,7/31/2024,true,97
736,Emerson,Tomich,etomichkf@ovh.net,2973091566,India,Gujarat,8/3/2024,true,14
737,Karel,Learoyd,klearoydkg@vimeo.com,1922951834,India,Gujarat,3/8/2025,true,11
738,Zach,Corstan,zcorstankh@bbb.org,3335098917,India,Uttar Pradesh,5/1/2025,true,11
739,Marmaduke,Strange,mstrangeki@omniture.com,1364641006,India,Uttar Pradesh,11/8/2024,true,60
740,Agnes,Sprionghall,asprionghallkj@nps.gov,5752382719,India,Andhra Pradesh,12/10/2024,true,55
741,Henrieta,Winspurr,hwinspurrkk@ebay.com,9021120025,India,Andhra Pradesh,4/16/2025,false,2
742,Almire,Bines,abineskl@google.pl,6457569954,India,Andhra Pradesh,8/3/2024,true,100
743,Chicky,Fri,cfrikm@printfriendly.com,4763460315,India,Gujarat,8/4/2024,false,15
744,Sayre,Cissell,scissellkn@addthis.com,6505785930,India,Andhra Pradesh,6/24/2025,false,11
745,Shannen,Stebbin,sstebbinko@washingtonpost.com,9804560244,India,Uttar Pradesh,5/15/2025,true,89
746,Mannie,Payne,mpaynekp@artisteer.com,9436557658,India,Andhra Pradesh,2/14/2025,true,51
747,Saree,Noore,snoorekq@hp.com,8069710465,India,Gujarat,6/13/2025,false,77
748,Eveline,Giacomucci,egiacomuccikr@java.com,4419395838,India,Uttar Pradesh,7/1/2025,false,14
749,Kristos,Higford,khigfordks@yellowpages.com,1448210650,India,Uttar Pradesh,12/14/2024,true,38
750,Zondra,Piaggia,zpiaggiakt@ustream.tv,8548174522,India,Uttar Pradesh,1/13/2025,true,14
751,Libby,Blacker,lblackerku@techcrunch.com,7629762216,India,Gujarat,12/21/2024,false,11
752,Anna,De Caroli,adecarolikv@kickstarter.com,2703818759,India,Gujarat,6/22/2025,true,18
753,Vicki,Cranton,vcrantonkw@tripadvisor.com,4645208162,India,Gujarat,1/16/2025,false,71
754,Bernetta,Stoker,bstokerkx@berkeley.edu,2443527944,India,Andhra Pradesh,2/14/2025,false,5
755,Berti,Bockh,bbockhky@npr.org,4428465389,India,Uttar Pradesh,1/28/2025,false,71
756,Ev,McConway,emcconwaykz@addtoany.com,4686217594,India,Gujarat,8/21/2024,true,68
757,Burk,Woolway,bwoolwayl0@utexas.edu,2263577414,India,Uttar Pradesh,12/30/2024,true,19
758,Guy,Penwright,gpenwrightl1@privacy.gov.au,9167308167,India,Uttar Pradesh,2/18/2025,false,88
759,Jodi,Cruddace,jcruddacel2@purevolume.com,4817494659,India,Andhra Pradesh,12/28/2024,false,11
760,Donal,Stitfall,dstitfalll3@prnewswire.com,6394663328,India,Andhra Pradesh,10/6/2024,false,52
761,Nissa,Cossor,ncossorl4@themeforest.net,5232423991,India,Gujarat,3/11/2025,false,94
762,Mandel,McGrill,mmcgrilll5@chronoengine.com,9576576322,India,Uttar Pradesh,11/22/2024,false,8
763,Jakie,Sommerled,jsommerledl6@multiply.com,5209226617,India,Gujarat,7/20/2024,false,93
764,Roch,MacQueen,rmacqueenl7@squidoo.com,4219871689,India,Gujarat,11/2/2024,true,38
765,Fredric,Hachard,fhachardl8@engadget.com,9852854739,India,Uttar Pradesh,6/1/2025,false,43
766,Currey,Ginnelly,cginnellyl9@multiply.com,4328597197,India,Andhra Pradesh,3/9/2025,false,40
767,Meara,Gargett,mgargettla@last.fm,7405910101,India,Uttar Pradesh,7/20/2024,false,49
768,Cathleen,Lightwood,clightwoodlb@123-reg.co.uk,3541775589,India,Uttar Pradesh,5/8/2025,true,9
769,Mahmoud,Bynert,mbynertlc@paypal.com,7794123510,India,Gujarat,10/13/2024,true,71
770,Dorella,Brook,dbrookld@jimdo.com,1821131151,India,Gujarat,12/18/2024,true,51
771,Nataline,Baelde,nbaeldele@cloudflare.com,1759383241,India,Andhra Pradesh,8/19/2024,true,67
772,Zechariah,Lipp,zlipplf@google.pl,7434429821,India,Andhra Pradesh,6/26/2025,false,13
773,Delores,Loachhead,dloachheadlg@icq.com,5853487695,India,Andhra Pradesh,11/28/2024,true,7
774,Ingar,Stollenhof,istollenhoflh@wordpress.org,9839295192,India,Uttar Pradesh,10/19/2024,false,15
775,Orran,Jerger,ojergerli@ask.com,6511126317,India,Uttar Pradesh,1/16/2025,true,58
776,Georgina,Relfe,grelfelj@phpbb.com,7409377104,India,Gujarat,7/24/2024,false,65
777,Lothaire,Cluitt,lcluittlk@yellowbook.com,5459613451,India,Andhra Pradesh,3/24/2025,true,79
778,Karel,Mixhel,kmixhelll@google.nl,1877064711,India,Andhra Pradesh,10/7/2024,false,37
779,Lauritz,Josebury,ljoseburylm@sogou.com,2878271341,India,Gujarat,5/13/2025,true,69
780,Shalom,Menezes,smenezesln@dell.com,8135421856,India,Gujarat,7/6/2025,false,63
781,Wiatt,Rispine,wrispinelo@examiner.com,4569602258,India,Uttar Pradesh,5/7/2025,false,77
782,Shannan,Tutsell,stutselllp@moonfruit.com,4443615102,India,Uttar Pradesh,7/6/2025,false,26
783,Alika,O' Gara,aogaralq@yellowpages.com,9608473444,India,Andhra Pradesh,6/13/2025,false,95
784,Stefan,Clausner,sclausnerlr@instagram.com,5017620163,India,Uttar Pradesh,5/27/2025,false,18
785,Gavan,McKeating,gmckeatingls@baidu.com,1046021462,India,Andhra Pradesh,8/18/2024,true,21
786,Aviva,Quickenden,aquickendenlt@123-reg.co.uk,4494802380,India,Uttar Pradesh,11/11/2024,false,6
787,Reyna,Orange,rorangelu@upenn.edu,4948062319,India,Uttar Pradesh,2/23/2025,true,35
788,Simeon,Arman,sarmanlv@tiny.cc,4505725268,India,Gujarat,2/11/2025,true,19
789,Philippine,Monksfield,pmonksfieldlw@oakley.com,4842414547,India,Gujarat,9/5/2024,true,67
790,Ermengarde,Spare,esparelx@cnbc.com,9948415431,India,Uttar Pradesh,6/4/2025,true,4
791,Shandeigh,Ville,svillely@marketwatch.com,8114165764,India,Andhra Pradesh,4/24/2025,true,12
792,Ronny,Mazzey,rmazzeylz@prlog.org,4196044645,India,Gujarat,7/22/2024,true,20
793,Eugenia,Durbann,edurbannm0@dailymail.co.uk,9331581249,India,Uttar Pradesh,2/2/2025,true,19
794,Shaylah,Sundin,ssundinm1@netvibes.com,5403085788,India,Uttar Pradesh,8/4/2024,true,46
795,Dom,Ragbourn,dragbournm2@va.gov,9147607952,India,Gujarat,9/30/2024,true,37
796,Moria,Conneely,mconneelym3@parallels.com,8632403383,India,Gujarat,7/18/2024,true,44
797,Eachelle,Hellin,ehellinm4@ox.ac.uk,5715068199,India,Andhra Pradesh,3/21/2025,true,63
798,Vicky,Summerell,vsummerellm5@discuz.net,1828237342,India,Andhra Pradesh,6/29/2025,true,38
799,Juditha,Hauxby,jhauxbym6@umich.edu,9855432139,India,Gujarat,7/9/2024,true,93
800,Fee,McConnell,fmcconnellm7@wufoo.com,6112705521,India,Uttar Pradesh,7/19/2024,false,36
801,Alvinia,Jarvie,ajarviem8@walmart.com,9108679634,India,Uttar Pradesh,1/15/2025,true,60
802,Edgard,Penright,epenrightm9@netvibes.com,1328491352,India,Gujarat,2/10/2025,false,38
803,Karina,Coburn,kcoburnma@about.com,8675070420,India,Andhra Pradesh,12/8/2024,false,41
804,Mable,Jakeway,mjakewaymb@360.cn,9982991468,India,Andhra Pradesh,9/17/2024,true,10
805,Marylinda,Menauteau,mmenauteaumc@scribd.com,6508371620,India,Gujarat,1/8/2025,true,25
806,Wren,Sheaber,wsheabermd@answers.com,1314580770,India,Uttar Pradesh,6/21/2025,false,75
807,Pauly,Dicky,pdickyme@smh.com.au,3893918103,India,Uttar Pradesh,11/15/2024,true,91
808,Dina,Carp,dcarpmf@tuttocitta.it,6901370699,India,Andhra Pradesh,4/30/2025,true,49
809,Biddie,Worley,bworleymg@wikimedia.org,3752471927,India,Andhra Pradesh,8/27/2024,false,91
810,Halie,Rait,hraitmh@redcross.org,7459922955,India,Gujarat,10/25/2024,false,14
811,Gaspar,Rookwell,grookwellmi@mit.edu,4383851410,India,Uttar Pradesh,7/23/2024,false,20
812,Annamarie,Simmank,asimmankmj@hubpages.com,2536967756,India,Uttar Pradesh,2/11/2025,true,1
813,Amble,Simakov,asimakovmk@unblog.fr,8419289087,India,Uttar Pradesh,4/9/2025,false,93
814,Foster,Wheildon,fwheildonml@narod.ru,8204482552,India,Uttar Pradesh,5/15/2025,true,18
815,Abba,Sandys,asandysmm@slideshare.net,5862455295,India,Uttar Pradesh,9/25/2024,true,51
816,Christopher,Rozycki,crozyckimn@nps.gov,1756156297,India,Uttar Pradesh,6/12/2025,false,11
817,Neville,Ciobutaro,nciobutaromo@de.vu,9049599999,India,Uttar Pradesh,5/9/2025,true,76
818,Agnella,Silcox,asilcoxmp@furl.net,7938413359,India,Gujarat,5/25/2025,false,1
819,Haleigh,Vane,hvanemq@instagram.com,3894947969,India,Uttar Pradesh,10/16/2024,false,55
820,Alaine,Higginbottam,ahigginbottammr@squidoo.com,7555163723,India,Uttar Pradesh,9/12/2024,false,53
821,Selene,Bowgen,sbowgenms@google.es,3392298141,India,Gujarat,9/1/2024,true,13
822,Marieann,Farnham,mfarnhammt@mediafire.com,1383811775,India,Uttar Pradesh,7/21/2024,true,95
823,Petronia,Lince,plincemu@de.vu,8402042477,India,Gujarat,12/5/2024,false,68
824,Nydia,Epgrave,nepgravemv@forbes.com,5208878141,India,Gujarat,3/18/2025,true,19
825,Tabbie,Berney,tberneymw@go.com,9151162173,India,Gujarat,4/24/2025,true,34
826,Alfy,Ciardo,aciardomx@privacy.gov.au,8377798458,India,Gujarat,6/30/2025,false,73
827,Petunia,Smoote,psmootemy@booking.com,7708864186,India,Gujarat,9/3/2024,true,14
828,Kylynn,Bentje,kbentjemz@reverbnation.com,6049947931,India,Andhra Pradesh,4/4/2025,true,40
829,Patton,Mixture,pmixturen0@mediafire.com,9757721443,India,Andhra Pradesh,6/19/2025,false,47
830,Riordan,Ruske,rrusken1@netlog.com,8148677224,India,Gujarat,9/28/2024,false,20
831,Alan,Raincin,araincinn2@indiegogo.com,3058069784,India,Andhra Pradesh,12/22/2024,false,12
832,Pall,Burchatt,pburchattn3@ustream.tv,7794157826,India,Uttar Pradesh,7/9/2024,true,62
833,Nikola,Klaas,nklaasn4@home.pl,5373301016,India,Gujarat,9/6/2024,false,14
834,Marge,Fillimore,mfillimoren5@csmonitor.com,4383061835,India,Gujarat,1/8/2025,false,99
835,Coralie,Ashling,cashlingn6@sina.com.cn,1845093013,India,Andhra Pradesh,9/19/2024,false,79
836,Dulcea,Itzcovichch,ditzcovichchn7@dyndns.org,3455359102,India,Andhra Pradesh,1/9/2025,false,50
837,Maximo,Binnie,mbinnien8@rakuten.co.jp,2437971779,India,Uttar Pradesh,9/11/2024,false,44
838,Arabel,Golborn,agolbornn9@globo.com,9868335182,India,Andhra Pradesh,2/23/2025,true,50
839,Alphonse,Kendle,akendlena@bluehost.com,3269544851,India,Uttar Pradesh,8/11/2024,true,2
840,Manda,Rushby,mrushbynb@mayoclinic.com,7632633195,India,Gujarat,3/17/2025,true,100
841,Virgie,Braid,vbraidnc@si.edu,1197432146,India,Gujarat,12/23/2024,false,94
842,Beverie,Muglestone,bmuglestonend@earthlink.net,9658730128,India,Uttar Pradesh,3/6/2025,false,45
843,Claudie,McKern,cmckernne@newyorker.com,9658486128,India,Andhra Pradesh,3/3/2025,false,13
844,Wald,Schimmang,wschimmangnf@twitpic.com,7144426873,India,Andhra Pradesh,12/31/2024,false,1
845,Dukie,Lorente,dlorenteng@so-net.ne.jp,1389216745,India,Gujarat,11/29/2024,false,39
846,Lacie,Ilott,lilottnh@lulu.com,2276418968,India,Andhra Pradesh,6/12/2025,true,57
847,Gracia,Rockey,grockeyni@issuu.com,4353039387,India,Andhra Pradesh,10/18/2024,false,26
848,Kassandra,Menghi,kmenghinj@tuttocitta.it,1791311984,India,Gujarat,2/14/2025,true,22
849,Alleyn,Greeves,agreevesnk@scientificamerican.com,4619236437,India,Gujarat,9/27/2024,true,43
850,Huntington,Hutchence,hhutchencenl@sogou.com,1995602022,India,Uttar Pradesh,6/19/2025,true,10
851,Felicdad,Lauder,flaudernm@digg.com,7826286544,India,Uttar Pradesh,9/17/2024,true,21
852,Meridel,Myderscough,mmyderscoughnn@bloglovin.com,6444609919,India,Andhra Pradesh,7/16/2024,false,20
853,Gerald,Eich,geichno@feedburner.com,7523550758,India,Andhra Pradesh,6/10/2025,true,38
854,Xenos,Trundle,xtrundlenp@drupal.org,1674909410,India,Gujarat,7/24/2024,true,37
855,Barrett,Coryndon,bcoryndonnq@delicious.com,6977944175,India,Gujarat,7/10/2024,true,57
856,Aaron,Stovold,astovoldnr@google.ru,3439555836,India,Uttar Pradesh,6/18/2025,false,5
857,Barde,Haccleton,bhaccletonns@csmonitor.com,7559159126,India,Andhra Pradesh,10/11/2024,true,28
858,Liva,Gostyke,lgostykent@devhub.com,7916330921,India,Gujarat,8/9/2024,false,85
859,Jackqueline,Spridgen,jspridgennu@ebay.com,9149607550,India,Andhra Pradesh,1/2/2025,false,80
860,Josias,Gregon,jgregonnv@theglobeandmail.com,1589061808,India,Andhra Pradesh,6/18/2025,true,94
861,Archibald,Benley,abenleynw@wufoo.com,9139711209,India,Uttar Pradesh,11/27/2024,false,73
862,Shandee,Chicken,schickennx@boston.com,2187880052,India,Uttar Pradesh,4/14/2025,false,70
863,Matthaeus,Napoleone,mnapoleoneny@engadget.com,9046411731,India,Uttar Pradesh,3/1/2025,false,13
864,Brittani,Semered,bsemerednz@chron.com,3802545469,India,Gujarat,1/24/2025,false,67
865,Zarla,Passion,zpassiono0@storify.com,9748698152,India,Uttar Pradesh,7/19/2024,true,99
866,Gregg,Oram,goramo1@ocn.ne.jp,9059821872,India,Andhra Pradesh,6/16/2025,false,8
867,Maxie,Coomber,mcoombero2@vistaprint.com,8652313031,India,Andhra Pradesh,7/22/2024,false,2
868,Joycelin,Knottley,jknottleyo3@thetimes.co.uk,3411232941,India,Andhra Pradesh,5/3/2025,true,55
869,Nikolaos,Bartolomeo,nbartolomeoo4@jimdo.com,7345766981,India,Uttar Pradesh,2/5/2025,true,5
870,Todd,McMeekan,tmcmeekano5@bloglines.com,7373710935,India,Gujarat,7/18/2024,false,98
871,Susi,Muckart,smuckarto6@omniture.com,1444829833,India,Andhra Pradesh,7/10/2024,true,11
872,Adolphus,Quogan,aquogano7@1und1.de,9164394404,India,Andhra Pradesh,12/6/2024,false,62
873,Dukey,Mettrick,dmettricko8@boston.com,7525595757,India,Andhra Pradesh,8/13/2024,true,98
874,Otto,Dance,odanceo9@flickr.com,2235755836,India,Gujarat,5/10/2025,true,50
875,Vere,Thornbarrow,vthornbarrowoa@godaddy.com,5088038149,India,Gujarat,6/27/2025,false,100
876,Lise,Kingzett,lkingzettob@bloomberg.com,5656842793,India,Gujarat,5/20/2025,true,65
877,Dare,Burmingham,dburminghamoc@oracle.com,8756031842,India,Uttar Pradesh,11/13/2024,true,11
878,Susi,Mingay,smingayod@sphinn.com,7129901989,India,Gujarat,4/24/2025,false,90
879,Jonathon,Vlasyev,jvlasyevoe@phoca.cz,8697108802,India,Andhra Pradesh,9/29/2024,true,58
880,Arleyne,Vears,avearsof@house.gov,5682946015,India,Gujarat,11/6/2024,true,92
881,Bradly,Lemerie,blemerieog@ebay.co.uk,2585636936,India,Uttar Pradesh,9/24/2024,true,83
882,Baxie,Andreichik,bandreichikoh@ucla.edu,1632822934,India,Gujarat,3/9/2025,false,2
883,Cynde,Sambath,csambathoi@mlb.com,6958722145,India,Uttar Pradesh,11/22/2024,false,79
884,Inga,Piet,ipietoj@senate.gov,7101539982,India,Uttar Pradesh,8/9/2024,true,80
885,Halsy,Sellen,hsellenok@seattletimes.com,7462247929,India,Gujarat,1/8/2025,false,91
886,Sheba,Hambridge,shambridgeol@si.edu,6997348337,India,Andhra Pradesh,1/23/2025,true,13
887,Sutherland,Dainty,sdaintyom@vistaprint.com,1782919894,India,Gujarat,8/23/2024,false,51
888,Melania,Pitrelli,mpitrellion@paginegialle.it,2464123966,India,Andhra Pradesh,7/23/2024,false,35
889,Titos,Badwick,tbadwickoo@taobao.com,1835377989,India,Andhra Pradesh,2/3/2025,true,37
890,Mersey,Hantusch,mhantuschop@sina.com.cn,1144083887,India,Gujarat,7/1/2025,true,76
891,Hinze,Kaye,hkayeoq@stanford.edu,2961488607,India,Andhra Pradesh,1/27/2025,true,30
892,Iorgo,Daftor,idaftoror@spiegel.de,1065449768,India,Uttar Pradesh,7/3/2025,true,71
893,Royce,Skeates,rskeatesos@blogtalkradio.com,6937137387,India,Andhra Pradesh,10/21/2024,true,16
894,Marven,Elmhirst,melmhirstot@eepurl.com,4641585382,India,Gujarat,8/16/2024,true,81
895,Isabelle,Burnyeat,iburnyeatou@mysql.com,9703991271,India,Gujarat,5/18/2025,true,90
896,Sharla,Lockwood,slockwoodov@toplist.cz,7498946867,India,Gujarat,8/11/2024,false,91
897,Natasha,Callar,ncallarow@webs.com,9706930601,India,Gujarat,12/30/2024,false,90
898,Christen,Stolting,cstoltingox@privacy.gov.au,9824239689,India,Gujarat,8/1/2024,false,52
899,Bobby,Tildesley,btildesleyoy@ovh.net,3103985561,India,Uttar Pradesh,10/25/2024,true,75
900,Kellby,Dorow,kdorowoz@trellian.com,1135409233,India,Andhra Pradesh,2/18/2025,true,1
901,Rebeca,Sutworth,rsutworthp0@shareasale.com,6198277213,India,Gujarat,8/6/2024,true,28
902,Callean,Turfus,cturfusp1@jigsy.com,1446704190,India,Uttar Pradesh,11/2/2024,false,95
903,Luke,Vina,lvinap2@people.com.cn,3279265766,India,Gujarat,7/20/2024,false,3
904,Theresa,Haythornthwaite,thaythornthwaitep3@nsw.gov.au,9785072607,India,Uttar Pradesh,9/18/2024,false,25
905,Lari,Thomasson,lthomassonp4@last.fm,9575539633,India,Uttar Pradesh,7/27/2024,false,93
906,Timothy,Frend,tfrendp5@hp.com,3512964442,India,Andhra Pradesh,9/10/2024,true,23
907,Yolande,Ollerhad,yollerhadp6@printfriendly.com,7266065052,India,Gujarat,12/1/2024,false,3
908,Ulberto,Arundel,uarundelp7@google.ca,6839862402,India,Uttar Pradesh,7/7/2025,false,68
909,Andi,Wylam,awylamp8@ft.com,9327578467,India,Andhra Pradesh,6/7/2025,true,19
910,Katusha,Iremonger,kiremongerp9@ifeng.com,3055252000,India,Uttar Pradesh,2/8/2025,true,75
911,Eachelle,Karolczyk,ekarolczykpa@aol.com,9357191343,India,Andhra Pradesh,7/2/2025,false,64
912,Randal,Geraghty,rgeraghtypb@webs.com,2661777894,India,Andhra Pradesh,9/9/2024,false,80
913,Paco,Prandin,pprandinpc@technorati.com,3509945699,India,Gujarat,7/6/2025,true,49
914,Valerye,Goodyear,vgoodyearpd@auda.org.au,1858412922,India,Gujarat,12/1/2024,false,50
915,Julietta,Lowten,jlowtenpe@tinyurl.com,7409258595,India,Uttar Pradesh,9/23/2024,false,4
916,Chet,Margery,cmargerypf@ocn.ne.jp,9998080358,India,Uttar Pradesh,12/19/2024,true,64
917,Jarrad,Molineaux,jmolineauxpg@cornell.edu,9749787645,India,Gujarat,6/10/2025,false,24
918,Cody,MacAirt,cmacairtph@nyu.edu,1361370486,India,Uttar Pradesh,4/10/2025,true,79
919,Frants,Haylett,fhaylettpi@narod.ru,4256889841,India,Andhra Pradesh,12/28/2024,true,38
920,Neysa,Tolwood,ntolwoodpj@weather.com,3809662722,India,Uttar Pradesh,7/25/2024,true,48
921,Cory,Pinnington,cpinningtonpk@eepurl.com,7688660140,India,Gujarat,1/10/2025,true,83
922,Ado,Booth,aboothpl@marriott.com,4648670741,India,Andhra Pradesh,7/14/2024,false,33
923,Lars,Uebel,luebelpm@smugmug.com,1625977042,India,Andhra Pradesh,2/15/2025,true,38
924,Guss,Newburn,gnewburnpn@woothemes.com,9798657729,India,Uttar Pradesh,9/28/2024,false,96
925,Forrester,Normavell,fnormavellpo@diigo.com,9858146561,India,Andhra Pradesh,3/25/2025,false,5
926,Colby,Tolworthie,ctolworthiepp@cdbaby.com,3225296694,India,Gujarat,7/7/2025,false,50
927,Hashim,Challen,hchallenpq@theatlantic.com,3822062790,India,Gujarat,9/11/2024,false,66
928,Brandon,Redmille,bredmillepr@hibu.com,4008052953,India,Andhra Pradesh,9/22/2024,true,31
929,Lelah,Chsteney,lchsteneyps@baidu.com,3625628311,India,Andhra Pradesh,5/15/2025,false,13
930,Dick,Godmar,dgodmarpt@ftc.gov,9267740822,India,Uttar Pradesh,10/15/2024,true,45
931,Heall,Lothean,hlotheanpu@gmpg.org,8153879950,India,Gujarat,7/21/2024,false,51
932,Ozzie,Dirand,odirandpv@walmart.com,7049288708,India,Gujarat,7/20/2024,true,23
933,Marietta,Killerby,mkillerbypw@spotify.com,6379980763,India,Uttar Pradesh,8/21/2024,true,99
934,Leupold,Petrusch,lpetruschpx@prweb.com,6232451297,India,Andhra Pradesh,10/2/2024,false,100
935,Bathsheba,Landeg,blandegpy@posterous.com,3276089636,India,Gujarat,6/14/2025,true,80
936,Merridie,Baish,mbaishpz@disqus.com,9261584029,India,Uttar Pradesh,3/23/2025,true,72
937,Boycey,Timby,btimbyq0@sfgate.com,9972164881,India,Andhra Pradesh,9/9/2024,false,89
938,Linc,Searl,lsearlq1@netscape.com,8323338692,India,Uttar Pradesh,11/7/2024,false,20
939,Edan,Pletts,eplettsq2@sogou.com,9684453951,India,Andhra Pradesh,4/28/2025,true,25
940,Rossy,covino,rcovinoq3@marketwatch.com,8743837644,India,Andhra Pradesh,1/20/2025,false,7
941,Sebastien,Broscombe,sbroscombeq4@toplist.cz,1838818746,India,Andhra Pradesh,8/24/2024,true,61
942,Dierdre,Cristoforetti,dcristoforettiq5@histats.com,2605461383,India,Gujarat,7/28/2024,true,75
943,Reuven,Waples,rwaplesq6@sphinn.com,8401939509,India,Gujarat,3/10/2025,false,64
944,Sid,MacLaig,smaclaigq7@facebook.com,8162775545,India,Uttar Pradesh,1/1/2025,true,5
945,Vernor,Chesnut,vchesnutq8@angelfire.com,7924650014,India,Gujarat,12/23/2024,true,35
946,Claudine,Burgill,cburgillq9@tripadvisor.com,7668572138,India,Gujarat,12/7/2024,false,54
947,Connie,Cossell,ccossellqa@jigsy.com,5265608123,India,Uttar Pradesh,7/31/2024,false,85
948,Dolph,Racine,dracineqb@census.gov,2065746010,India,Andhra Pradesh,2/10/2025,true,87
949,Audra,O'Bradane,aobradaneqc@feedburner.com,4643278454,India,Uttar Pradesh,12/18/2024,true,15
950,Antonio,Diche,adicheqd@reference.com,7571484179,India,Uttar Pradesh,7/30/2024,true,76
951,Cthrine,Egglestone,cegglestoneqe@google.cn,3274019351,India,Gujarat,10/11/2024,false,55
952,Sherwin,Pesek,spesekqf@cisco.com,1533252786,India,Gujarat,2/16/2025,false,86
953,Miquela,Treace,mtreaceqg@nbcnews.com,6567579396,India,Uttar Pradesh,12/2/2024,false,45
954,Oralia,Lindback,olindbackqh@washingtonpost.com,4676036178,India,Gujarat,1/4/2025,false,89
955,Viviyan,Delion,vdelionqi@amazon.co.jp,6173041747,India,Andhra Pradesh,9/2/2024,true,57
956,Vere,Chessman,vchessmanqj@ihg.com,9573724780,India,Gujarat,7/21/2024,true,98
957,Kermie,McFadyen,kmcfadyenqk@cafepress.com,1328554179,India,Uttar Pradesh,6/15/2025,false,36
958,Lonee,Jaulme,ljaulmeql@hhs.gov,3691323241,India,Gujarat,9/14/2024,true,72
959,Pail,Boynes,pboynesqm@yelp.com,5452883524,India,Uttar Pradesh,9/26/2024,true,9
960,Josy,Grammer,jgrammerqn@census.gov,4891710384,India,Andhra Pradesh,9/4/2024,false,62
961,Kare,McPeck,kmcpeckqo@house.gov,9957240862,India,Andhra Pradesh,6/12/2025,false,60
962,Raff,Scarsbrook,rscarsbrookqp@cnet.com,1821131097,India,Andhra Pradesh,10/16/2024,false,33
963,Selie,Mellem,smellemqq@rakuten.co.jp,9375141923,India,Gujarat,12/22/2024,true,46
964,Deerdre,Mandres,dmandresqr@harvard.edu,3046533186,India,Uttar Pradesh,5/14/2025,true,69
965,Yolanthe,Terron,yterronqs@uol.com.br,6766174134,India,Gujarat,6/2/2025,false,18
966,Lusa,Stoodley,lstoodleyqt@bbb.org,9986056695,India,Uttar Pradesh,3/2/2025,true,94
967,Leilah,Spurritt,lspurrittqu@nature.com,6069671857,India,Uttar Pradesh,5/14/2025,false,42
968,Abbot,Tallach,atallachqv@accuweather.com,7804282118,India,Uttar Pradesh,8/30/2024,false,23
969,Dru,Kofax,dkofaxqw@technorati.com,7785193465,India,Andhra Pradesh,8/15/2024,false,25
970,Marice,Bartell,mbartellqx@bloomberg.com,7335629252,India,Andhra Pradesh,2/19/2025,true,52
971,Shena,Gero,sgeroqy@indiegogo.com,9659006088,India,Andhra Pradesh,3/2/2025,true,78
972,Mahmud,Twinborough,mtwinboroughqz@prnewswire.com,8112543493,India,Uttar Pradesh,8/31/2024,true,91
973,Cristian,Petherick,cpetherickr0@google.ca,3309075776,India,Gujarat,11/13/2024,false,68
974,Davita,Pavolillo,dpavolillor1@hao123.com,4534937465,India,Andhra Pradesh,11/16/2024,false,74
975,Odella,Yesinin,oyesininr2@topsy.com,1543147115,India,Gujarat,6/4/2025,true,33
976,Jennifer,McAdam,jmcadamr3@deviantart.com,7152032948,India,Gujarat,4/11/2025,false,25
977,Bruis,Wasiela,bwasielar4@spiegel.de,3885221186,India,Gujarat,4/28/2025,false,20
978,Jack,Tremelling,jtremellingr5@surveymonkey.com,3321183424,India,Andhra Pradesh,3/28/2025,false,6
979,Petronilla,Bolland,pbollandr6@cmu.edu,6391533989,India,Andhra Pradesh,11/9/2024,false,71
980,Bridgette,Reaveley,breaveleyr7@reddit.com,7461545388,India,Andhra Pradesh,6/21/2025,false,54
981,Sibel,Beadham,sbeadhamr8@unicef.org,1467885437,India,Uttar Pradesh,3/26/2025,true,15
982,Hamnet,Cartmael,hcartmaelr9@slideshare.net,9634879319,India,Gujarat,11/16/2024,false,88
983,Jorgan,Aneley,janeleyra@tinyurl.com,1796711796,India,Gujarat,9/21/2024,true,43
984,Lind,Quarterman,lquartermanrb@jugem.jp,7755128943,India,Uttar Pradesh,5/12/2025,true,76
985,Cara,Gookey,cgookeyrc@cbsnews.com,3777449434,India,Uttar Pradesh,10/30/2024,false,31
986,Minta,Jeeks,mjeeksrd@1und1.de,4771601705,India,Andhra Pradesh,8/16/2024,true,91
987,Amos,Appleford,aapplefordre@zimbio.com,4001672894,India,Uttar Pradesh,10/20/2024,false,44
988,Kristina,Denniss,kdennissrf@jiathis.com,5298150666,India,Uttar Pradesh,9/26/2024,false,24
989,Cullan,Duckit,cduckitrg@yale.edu,6125069462,India,Uttar Pradesh,7/21/2024,false,86
990,Anna-maria,Jumont,ajumontrh@jalbum.net,6221060283,India,Uttar Pradesh,3/24/2025,true,40
991,Malory,Thyng,mthyngri@rediff.com,4302242718,India,Andhra Pradesh,5/18/2025,true,35
992,Noemi,Flaws,nflawsrj@feedburner.com,7731484833,India,Andhra Pradesh,1/20/2025,false,99
993,Dyanna,Inglese,dingleserk@blinklist.com,2164133474,India,Uttar Pradesh,8/18/2024,true,39
994,Kass,Padell,kpadellrl@theglobeandmail.com,4122766975,India,Uttar Pradesh,8/26/2024,false,58
995,Lyell,Tregenna,ltregennarm@diigo.com,6958752878,India,Uttar Pradesh,12/16/2024,true,46
996,Agretha,Hocking,ahockingrn@arizona.edu,3605851457,India,Andhra Pradesh,8/17/2024,true,10
997,Cecil,Camsey,ccamseyro@sbwire.com,6962299536,India,Gujarat,6/5/2025,false,57
998,Micky,Learmonth,mlearmonthrp@mozilla.org,8285081296,India,Andhra Pradesh,9/12/2024,false,2
999,Consalve,Van de Vlies,cvandevliesrq@addtoany.com,3089018537,India,Uttar Pradesh,1/1/2025,true,87
1000,Katusha,Samet,ksametrr@slideshare.net,1466653014,India,Gujarat,2/13/2025,false,10
